x1,y1,val_x1,val_y1,x2,y2,val_x2,val_y2,,x1,y1,val_x1,val_y1,x2,y2,val_x2,val_y2,Sai_lech_tb_x1y1,Sai_lech_tb_x2y2
97.6,519.0906315,94.7,516.95525,217.0808131,1046.911009,218.9218448,1040.331325,,0.98,5.19,0.95,5.17,2.17,10.47,2.19,10.40,0.19,0.50
106.1,521.785529,12.19115023,24.1635236,216.5781606,1028.618759,28.5034715,46.911009,,1.06,5.22,0.12,0.24,2.17,10.29,0.29,0.47,0.23,0.33
104.9,522.2437962,0.013134711,0.01059624,213.1512381,1037.636974,6.372773695,12.54425582,,1.05,5.22,0.00,0.00,2.13,10.38,0.06,0.13,0.23,0.40
96.4,505.0886221,,,227.0719412,1017.065044,,,,0.96,5.05,,,2.27,10.17,,,0.06,0.32
108.3,493.2980053,,,228.4006179,1017.945102,,,,1.08,4.93,,,2.28,10.18,,,0.11,0.34
106.6,498.7401339,,,226.6839867,1031.792507,,,,1.07,4.99,sai lệch tb,,2.27,10.32,sai lệch tb,,0.07,0.42
91.6,499.750433,,,225.0288122,1015.474887,,,,0.92,5.00,0.13,,2.25,10.15,0.31,,0.08,0.29
97.1,524.1296692,,,225.0005213,1032.642304,,,,0.97,5.24,sai lệch max,,2.25,10.33,sai lệch max,,0.24,0.41
96.7,509.8998144,,,206.7602988,1034.108264,,,,0.97,5.10,0.26,,2.07,10.34,0.50,,0.10,0.35
91.2,504.659705,,,215.4355052,1018.178638,,,,0.91,5.05,0.00,,2.15,10.18,0.15,,0.10,0.24
96.9,513.7485509,,,216.6942481,1017.193238,,,,0.97,5.14,,,2.17,10.17,,,0.14,0.24
105.9,501.787985,,,215.7393839,1037.913026,,,,1.06,5.02,,,2.16,10.38,,,0.06,0.41
102.5,510.4095175,,,226.8135593,1014.628305,,,,1.03,5.10,,,2.27,10.15,,,0.11,0.31
93.8,501.7386823,,,228.236293,1036.200115,,,,0.94,5.02,,,2.28,10.36,,,0.06,0.46
102.3,495.5314611,,,217.0595934,1032.217038,,,,1.02,4.96,,,2.17,10.32,,,0.05,0.36
108.7,500.4267968,,,219.9596172,1025.78031,,,,1.09,5.00,,,2.20,10.26,,,0.09,0.33
90.3,493.926405,,,208.3139107,1034.081196,,,,0.90,4.94,,,2.08,10.34,,,0.11,0.35
109.1,514.4601192,,,222.1724242,1034.976049,,,,1.09,5.14,,,2.22,10.35,,,0.17,0.41
97.3,508.5948485,,,220.0903495,1021.334922,,,,0.97,5.09,,,2.20,10.21,,,0.09,0.29
109.9,508.7564511,,,224.3585322,1023.820883,,,,1.10,5.09,,,2.24,10.24,,,0.13,0.34
88.5,501.3220355,,,220.1092026,1024.964509,,,,0.89,5.01,,,2.20,10.25,,,0.12,0.32
102.9,494.4285669,,,224.5884517,1027.436298,,,,1.03,4.94,,,2.25,10.27,,,0.06,0.37
91.2,512.0126292,,,226.8772051,1034.370047,,,,0.91,5.12,,,2.27,10.34,,,0.15,0.44
104.9,513.3707615,,,218.2526937,1017.686278,,,,1.05,5.13,,,2.18,10.18,,,0.14,0.25
110.2,518.6503398,,,210.3837898,1030.030555,,,,1.10,5.19,,,2.10,10.30,,,0.21,0.32
109.9,519.7385434,,,218.1936419,1013.170291,,,,1.10,5.20,,,2.18,10.13,,,0.22,0.22
110.1,518.3060649,,,208.4091901,1025.915867,,,,1.10,5.18,,,2.08,10.26,,,0.21,0.27
112.1,504.3072337,,,224.0726831,1026.740695,,,,1.12,5.04,,,2.24,10.27,,,0.13,0.36
92.5,513.4618683,,,223.1938263,1021.875695,,,,0.93,5.13,,,2.23,10.22,,,0.15,0.32
88.4,518.7130557,,,224.0478398,1016.920701,,,,0.88,5.19,,,2.24,10.17,,,0.22,0.29
99.4,501.3532324,,,221.5924902,1034.201772,,,,0.99,5.01,,,2.22,10.34,,,0.01,0.40
99.2,499.8563568,,,207.9230378,1036.659659,,,,0.99,5.00,,,2.08,10.37,,,0.01,0.38
105.4,496.8224855,,,219.9644559,1015.952172,,,,1.05,4.97,,,2.20,10.16,,,0.06,0.26
111.6,517.1018668,,,216.9000625,1028.691449,,,,1.12,5.17,,,2.17,10.29,,,0.21,0.33
91.8,510.7503688,,,212.2807895,1029.510092,,,,0.92,5.11,,,2.12,10.30,,,0.14,0.32
103.7,499.4159461,,,210.7616191,1026.252013,,,,1.04,4.99,,,2.11,10.26,,,0.04,0.28
93.2,504.2809675,,,209.2422908,1015.086612,,,,0.93,5.04,,,2.09,10.15,,,0.08,0.18
107.8,522.0799958,,,221.5751369,1037.121096,,,,1.08,5.22,,,2.22,10.37,,,0.23,0.43
105.2,514.5799103,,,214.3248574,1021.19555,,,,1.05,5.15,,,2.14,10.21,,,0.15,0.26
95,508.4162344,,,226.0858623,1037.773161,,,,0.95,5.08,,,2.26,10.38,,,0.10,0.46
109.3,497.4112533,,,220.3414877,1037.410658,,,,1.09,4.97,,,2.20,10.37,,,0.10,0.43
111.2,513.9707125,,,221.0070803,1023.28439,,,,1.11,5.14,,,2.21,10.23,,,0.18,0.31
97.9,523.6773845,,,209.6524974,1014.487165,,,,0.98,5.24,,,2.10,10.14,,,0.24,0.17
88.6,515.5366554,,,210.8968962,1025.694403,,,,0.89,5.16,,,2.11,10.26,,,0.19,0.28
98,506.2404811,,,214.0927512,1024.974007,,,,0.98,5.06,,,2.14,10.25,,,0.07,0.29
89.6,496.4542084,,,213.9780801,1037.442817,,,,0.90,4.96,,,2.14,10.37,,,0.11,0.40
109.6,500.8432754,,,225.2570627,1016.993904,,,,1.10,5.01,,,2.25,10.17,,,0.10,0.30
89.6,497.4328542,,,219.3598863,1017.977714,,,,0.90,4.97,,,2.19,10.18,,,0.11,0.26
104.4,492.5453641,,,209.2841302,1016.728957,,,,1.04,4.93,,,2.09,10.17,,,0.09,0.19
104.4,511.7452766,,,223.5248453,1018.164038,,,,1.04,5.12,,,2.24,10.18,,,0.13,0.30
111,501.0108167,,,227.8372742,1031.852068,,,,1.11,5.01,,,2.28,10.32,,,0.11,0.42
94.7,496.2727511,,,215.8828119,1023.768755,,,,0.95,4.96,,,2.16,10.24,,,0.06,0.29
98.9,510.6716367,,,226.3997733,1018.394752,,,,0.99,5.11,,,2.26,10.18,,,0.11,0.32
88.7,508.6773611,,,223.508777,1013.383245,,,,0.89,5.09,,,2.24,10.13,,,0.14,0.27
94.8,524.1635236,,,226.8281399,1019.398859,,,,0.95,5.24,,,2.27,10.19,,,0.25,0.33
96.9,498.5715184,,,217.2757677,1035.712512,,,,0.97,4.99,,,2.17,10.36,,,0.03,0.40
88.3,499.2240054,,,216.9139118,1028.577127,,,,0.88,4.99,,,2.17,10.29,,,0.12,0.33
97.6,498.6458847,,,211.7020506,1036.797421,,,,0.98,4.99,,,2.12,10.37,,,0.03,0.39
93.1,520.9756407,,,207.4358147,1030.925267,,,,0.93,5.21,,,2.07,10.31,,,0.22,0.32
110.8,500.8820757,,,219.6645168,1019.392669,,,,1.11,5.01,,,2.20,10.19,,,0.11,0.28
109.5,504.1990975,,,223.8270871,1022.078833,,,,1.10,5.04,,,2.24,10.22,,,0.10,0.32
90.9,506.9849508,,,209.6141464,1027.210934,,,,0.91,5.07,,,2.10,10.27,,,0.11,0.29
110.9,494.4251421,,,212.4397781,1027.094163,,,,1.11,4.94,,,2.12,10.27,,,0.12,0.30
109.3,502.1284146,,,217.0327693,1035.514962,,,,1.09,5.02,,,2.17,10.36,,,0.10,0.39
105.1,501.941268,,,210.3265735,1034.816728,,,,1.05,5.02,,,2.10,10.35,,,0.05,0.36
90.3,505.2139782,,,213.9012042,1030.43591,,,,0.90,5.05,,,2.14,10.30,,,0.11,0.33
90.1,521.9871198,,,218.7776241,1031.738735,,,,0.90,5.22,,,2.19,10.32,,,0.24,0.37
95.4,501.823157,,,224.2915475,1014.828928,,,,0.95,5.02,,,2.24,10.15,,,0.05,0.28
109.7,514.9877073,,,206.9990575,1017.135915,,,,1.10,5.15,,,2.07,10.17,,,0.18,0.19
109.6,508.9441732,,,212.1674884,1035.923994,,,,1.10,5.09,,,2.12,10.36,,,0.13,0.38
91.8,523.8305322,,,218.5917829,1026.415127,,,,0.92,5.24,,,2.19,10.26,,,0.25,0.32
101.2,515.2489068,,,213.2079723,1016.235478,,,,1.01,5.15,,,2.13,10.16,,,0.15,0.21
94.6,517.8136246,,,215.4785216,1029.185784,,,,0.95,5.18,,,2.15,10.29,,,0.19,0.33
102.4,496.3580571,,,228.063155,1025.860361,,,,1.02,4.96,,,2.28,10.26,,,0.04,0.38
96.7,512.1700948,,,225.7729945,1028.263459,,,,0.97,5.12,,,2.26,10.28,,,0.13,0.38
110.5,495.6149959,,,228.4789738,1028.782631,,,,1.11,4.96,,,2.28,10.29,,,0.11,0.40
92.3,520.043223,,,221.4584543,1030.37949,,,,0.92,5.20,,,2.21,10.30,,,0.21,0.37
92,497.9737049,,,227.6553587,1025.30302,,,,0.92,4.98,,,2.28,10.25,,,0.08,0.37
102,505.7678818,,,206.5133826,1026.783179,,,,1.02,5.06,,,2.07,10.27,,,0.06,0.28
88.6,500.4463975,,,213.9751236,1017.870227,,,,0.89,5.00,,,2.14,10.18,,,0.11,0.23
96.6,507.127724,,,221.6599931,1016.389462,,,,0.97,5.07,,,2.22,10.16,,,0.08,0.27
90.5,501.1153322,,,221.3367915,1026.371623,,,,0.91,5.01,,,2.21,10.26,,,0.10,0.34
100.4,496.3602754,,,224.1544077,1023.030471,,,,1.00,4.96,,,2.24,10.23,,,0.04,0.33
93.7,512.6154859,,,214.5753544,1020.852766,,,,0.94,5.13,,,2.15,10.21,,,0.14,0.25
107.9,509.3655421,,,206.3727737,1033.924484,,,,1.08,5.09,,,2.06,10.34,,,0.12,0.35
110.5,521.3833855,,,215.2497192,1036.419137,,,,1.11,5.21,,,2.15,10.36,,,0.24,0.39
108.4,502.3382235,,,222.8534442,1035.006605,,,,1.08,5.02,,,2.23,10.35,,,0.09,0.42
108.5,503.3172602,,,225.6687352,1032.250221,,,,1.09,5.03,,,2.26,10.32,,,0.09,0.41
97.6,502.7988184,,,210.3568692,1029.831694,,,,0.98,5.03,,,2.10,10.30,,,0.04,0.32
100.2,512.8027944,,,209.4318565,1023.377229,,,,1.00,5.13,,,2.09,10.23,,,0.13,0.25
105.3,494.9282709,,,224.6128197,1032.371759,,,,1.05,4.95,,,2.25,10.32,,,0.07,0.41
97.5,511.2685933,,,219.0492577,1017.520993,,,,0.98,5.11,,,2.19,10.18,,,0.12,0.26
108.9,496.7554596,,,221.7108862,1025.076872,,,,1.09,4.97,,,2.22,10.25,,,0.09,0.33
93.7,514.817032,,,220.4609073,1018.374741,,,,0.94,5.15,,,2.20,10.18,,,0.16,0.28
103.4,502.9704888,,,207.5493473,1017.023123,,,,1.03,5.03,,,2.08,10.17,,,0.05,0.19
90.4,497.8191704,,,216.0323439,1036.663526,,,,0.90,4.98,,,2.16,10.37,,,0.10,0.40
104.5,503.3900324,,,223.6639494,1032.466609,,,,1.05,5.03,,,2.24,10.32,,,0.06,0.40
102.3,517.5147991,,,219.4879427,1034.833876,,,,1.02,5.18,,,2.19,10.35,,,0.18,0.40
95.1,521.7105974,,,209.3285204,1014.645633,,,,0.95,5.22,,,2.09,10.15,,,0.22,0.17
102.4,523.9735871,,,217.2722159,1016.020185,,,,1.02,5.24,,,2.17,10.16,,,0.24,0.24
92.1,522.4543313,,,224.8828411,1029.121686,,,,0.92,5.22,,,2.25,10.29,,,0.24,0.38
95.6,504.3868051,,,209.7200364,1036.86302,,,,0.96,5.04,,,2.10,10.37,,,0.06,0.38
99.2,500.6867283,,,215.6644018,1035.659305,,,,0.99,5.01,,,2.16,10.36,,,0.01,0.39
89.3,492.4720218,,,217.9711537,1037.374071,,,,0.89,4.92,,,2.18,10.37,,,0.13,0.41
111.4,499.0535649,,,216.3724929,1024.427362,,,,1.11,4.99,,,2.16,10.24,,,0.11,0.29
93.8,494.2821312,,,209.8009097,1022.611589,,,,0.94,4.94,,,2.10,10.23,,,0.08,0.25
106.6,522.7917382,,,221.9536091,1037.850607,,,,1.07,5.23,,,2.22,10.38,,,0.24,0.44
107.6,515.1437553,,,219.3988926,1026.383072,,,,1.08,5.15,,,2.19,10.26,,,0.17,0.33
104.6,507.4274268,,,210.6073047,1017.205454,,,,1.05,5.07,,,2.11,10.17,,,0.09,0.20
111.7,505.2833238,,,214.9814998,1027.035025,,,,1.12,5.05,,,2.15,10.27,,,0.13,0.31
97,511.2728449,,,212.3805152,1025.698515,,,,0.97,5.11,,,2.12,10.26,,,0.12,0.29
108,508.1162527,,,223.9309855,1024.875345,,,,1.08,5.08,,,2.24,10.25,,,0.11,0.35
97.8,515.121715,,,213.1405811,1019.47234,,,,0.98,5.15,,,2.13,10.19,,,0.15,0.23
96.7,519.4130409,,,206.4101846,1036.06156,,,,0.97,5.19,,,2.06,10.36,,,0.20,0.37
112.1,505.6167521,,,219.4393864,1022.624579,,,,1.12,5.06,,,2.19,10.23,,,0.13,0.30
91.6,507.268621,,,227.4228064,1027.948454,,,,0.92,5.07,,,2.27,10.28,,,0.11,0.39
96.7,514.4001542,,,211.208695,1025.289464,,,,0.97,5.14,,,2.11,10.25,,,0.15,0.28
109.4,516.8733607,,,213.8343443,1026.468856,,,,1.09,5.17,,,2.14,10.26,,,0.19,0.30
109,504.5579691,,,223.0012698,1026.980744,,,,1.09,5.05,,,2.23,10.27,,,0.10,0.35
111.8,496.3219609,,,224.8123455,1027.792422,,,,1.12,4.96,,,2.25,10.28,,,0.12,0.37
90.5,493.5830625,,,215.3792809,1027.688166,,,,0.91,4.94,,,2.15,10.28,,,0.11,0.32
90.7,519.6496017,,,206.6367811,1034.985601,,,,0.91,5.20,,,2.07,10.35,,,0.22,0.36
102.9,520.0055785,,,206.834742,1015.305675,,,,1.03,5.20,,,2.07,10.15,,,0.20,0.17
111.5,513.3236174,,,207.1061446,1033.17953,,,,1.12,5.13,,,2.07,10.33,,,0.18,0.34
107.9,521.6768207,,,222.484816,1027.444414,,,,1.08,5.22,,,2.22,10.27,,,0.23,0.35
105.4,497.3432737,,,215.2746583,1018.280572,,,,1.05,4.97,,,2.15,10.18,,,0.06,0.24
110,508.9735052,,,215.2722007,1025.18869,,,,1.10,5.09,,,2.15,10.25,,,0.13,0.29
108.9,504.4686763,,,210.5367248,1034.257607,,,,1.09,5.04,,,2.11,10.34,,,0.10,0.36
92.7,508.4264328,,,220.142635,1035.185993,,,,0.93,5.08,,,2.20,10.35,,,0.11,0.41
94.6,520.9875041,,,226.9425135,1015.763848,,,,0.95,5.21,,,2.27,10.16,,,0.22,0.31
89.5,516.3557055,,,223.2283899,1037.228586,,,,0.90,5.16,,,2.23,10.37,,,0.19,0.44
97.9,507.5363073,,,210.1213799,1024.302293,,,,0.98,5.08,,,2.10,10.24,,,0.08,0.26
97.4,514.8167781,,,215.6477745,1014.435402,,,,0.97,5.15,,,2.16,10.14,,,0.15,0.21
100,520.3920601,,,224.0733446,1030.046171,,,,1.00,5.20,,,2.24,10.30,,,0.20,0.39
96,514.8371356,,,207.4797469,1026.773481,,,,0.96,5.15,,,2.07,10.27,,,0.15,0.28
107,521.0660192,,,208.512938,1015.077266,,,,1.07,5.21,,,2.09,10.15,,,0.22,0.17
95.4,512.6920199,,,210.8647145,1021.848712,,,,0.95,5.13,,,2.11,10.22,,,0.13,0.24
102.7,497.0626254,,,228.2364593,1014.877098,,,,1.03,4.97,,,2.28,10.15,,,0.04,0.32
102.4,522.5175242,,,225.0682297,1036.584402,,,,1.02,5.23,,,2.25,10.37,,,0.23,0.44
98,512.1616252,,,225.6629335,1018.319305,,,,0.98,5.12,,,2.26,10.18,,,0.12,0.32
106.2,493.5851897,,,222.6545671,1036.641664,,,,1.06,4.94,,,2.23,10.37,,,0.09,0.43
105.3,509.4176435,,,224.4083012,1023.718364,,,,1.05,5.09,,,2.24,10.24,,,0.11,0.34
89.8,493.8700014,,,208.6523725,1014.244668,,,,0.90,4.94,,,2.09,10.14,,,0.12,0.17
101.1,504.0535611,,,222.8719827,1021.006458,,,,1.01,5.04,,,2.23,10.21,,,0.04,0.31
88.8,509.6392199,,,207.5833874,1037.598886,,,,0.89,5.10,,,2.08,10.38,,,0.15,0.38
89.7,517.4158661,,,225.6635108,1029.163371,,,,0.90,5.17,,,2.26,10.29,,,0.20,0.39
94,516.9657419,,,211.9260568,1031.130556,,,,0.94,5.17,,,2.12,10.31,,,0.18,0.33
102.8,500.6595551,,,213.7840633,1018.101985,,,,1.03,5.01,,,2.14,10.18,,,0.03,0.23
95.4,505.2054057,,,222.4880264,1037.506938,,,,0.95,5.05,,,2.22,10.38,,,0.07,0.44
112.2,493.4175154,,,211.9920739,1014.90061,,,,1.12,4.93,,,2.12,10.15,,,0.14,0.19
105.1,509.9910557,,,217.055856,1028.57124,,,,1.05,5.10,,,2.17,10.29,,,0.11,0.33
100.3,519.6421479,,,220.2628177,1027.064631,,,,1.00,5.20,,,2.20,10.27,,,0.20,0.34
105.7,500.9748076,,,217.3833734,1012.655391,,,,1.06,5.01,,,2.17,10.13,,,0.06,0.22
104.8,515.7779928,,,214.2152507,1035.764204,,,,1.05,5.16,,,2.14,10.36,,,0.16,0.38
111.5,521.9828438,,,222.8844722,1025.367394,,,,1.12,5.22,,,2.23,10.25,,,0.25,0.34
97.4,498.6184314,,,227.9415168,1014.404108,,,,0.97,4.99,,,2.28,10.14,,,0.03,0.31
96.2,509.5053183,,,220.2244639,1028.12308,,,,0.96,5.10,,,2.20,10.28,,,0.10,0.35
110.2,522.0182664,,,214.3045402,1014.725575,,,,1.10,5.22,,,2.14,10.15,,,0.24,0.21
104.7,522.40574,,,206.4656433,1030.150477,,,,1.05,5.22,,,2.06,10.30,,,0.23,0.31
92,511.419796,,,208.951737,1027.060802,,,,0.92,5.11,,,2.09,10.27,,,0.14,0.29
108.5,519.6517111,,,211.5079391,1028.654081,,,,1.09,5.20,,,2.12,10.29,,,0.21,0.31
110.7,519.4846954,,,208.6277593,1018.215505,,,,1.11,5.19,,,2.09,10.18,,,0.22,0.20
105.9,504.3561915,,,226.3408473,1036.554047,,,,1.06,5.04,,,2.26,10.37,,,0.07,0.45
91.2,511.5347381,,,218.3704896,1027.659341,,,,0.91,5.12,,,2.18,10.28,,,0.15,0.33
101.7,516.9813118,,,206.4572273,1020.623957,,,,1.02,5.17,,,2.06,10.21,,,0.17,0.22
108.4,505.3375423,,,216.5677029,1026.864181,,,,1.08,5.05,,,2.17,10.27,,,0.10,0.32
110.4,498.6194394,,,207.5953423,1016.020123,,,,1.10,4.99,,,2.08,10.16,,,0.10,0.18
95.7,520.3928049,,,222.352716,1014.234875,,,,0.96,5.20,,,2.22,10.14,,,0.21,0.27
106.8,523.5033754,,,221.3157859,1036.425597,,,,1.07,5.24,,,2.21,10.36,,,0.24,0.42
89.2,496.8966814,,,226.8747694,1020.415164,,,,0.89,4.97,,,2.27,10.20,,,0.11,0.34
94,501.4847743,,,208.4697787,1030.591127,,,,0.94,5.01,,,2.08,10.31,,,0.06,0.32
98.5,498.3792178,,,219.2210853,1022.340283,,,,0.99,4.98,,,2.19,10.22,,,0.02,0.29
100.1,497.1520812,,,215.5527469,1035.132886,,,,1.00,4.97,,,2.16,10.35,,,0.03,0.38
99,518.0025294,,,228.1635216,1035.998415,,,,0.99,5.18,,,2.28,10.36,,,0.18,0.46
96,519.4824418,,,224.4749651,1016.043826,,,,0.96,5.19,,,2.24,10.16,,,0.20,0.29
89.2,499.2485839,,,209.0677089,1035.082095,,,,0.89,4.99,,,2.09,10.35,,,0.11,0.36
89.4,505.9116638,,,211.9424234,1021.73666,,,,0.89,5.06,,,2.12,10.22,,,0.12,0.25
97,523.9044269,,,213.4879559,1029.490691,,,,0.97,5.24,,,2.13,10.29,,,0.24,0.32
100.5,505.8981598,,,226.7890965,1037.046191,,,,1.01,5.06,,,2.27,10.37,,,0.06,0.46
105.8,507.6733574,,,224.3719691,1031.236427,,,,1.06,5.08,,,2.24,10.31,,,0.10,0.40
96.7,498.8730373,,,219.3293641,1025.481669,,,,0.97,4.99,,,2.19,10.25,,,0.03,0.32
92.3,512.7272368,,,210.409857,1032.983182,,,,0.92,5.13,,,2.10,10.33,,,0.15,0.35
94.3,519.5557496,,,214.8324212,1013.3871,,,,0.94,5.20,,,2.15,10.13,,,0.20,0.20
105.9,493.0240203,,,207.010747,1014.45337,,,,1.06,4.93,,,2.07,10.14,,,0.09,0.16
107.7,503.2470391,,,212.7758816,1034.073464,,,,1.08,5.03,,,2.13,10.34,,,0.08,0.36
97.3,503.1360457,,,216.9181911,1021.330069,,,,0.97,5.03,,,2.17,10.21,,,0.04,0.27
96.1,509.0744072,,,227.1845721,1020.994695,,,,0.96,5.09,,,2.27,10.21,,,0.10,0.34
107.7,502.6009624,,,208.4594092,1019.394572,,,,1.08,5.03,,,2.08,10.19,,,0.08,0.21
107.4,496.3595515,,,210.3788764,1034.945454,,,,1.07,4.96,,,2.10,10.35,,,0.08,0.36
95.8,514.0833,,,209.4056634,1036.069348,,,,0.96,5.14,,,2.09,10.36,,,0.15,0.37
90.6,496.423504,,,211.9344357,1013.147866,,,,0.91,4.96,,,2.12,10.13,,,0.10,0.18
99.9,516.9245569,,,210.7700798,1028.157826,,,,1.00,5.17,,,2.11,10.28,,,0.17,0.30
106.9,494.1269305,,,217.6943541,1029.621801,,,,1.07,4.94,,,2.18,10.30,,,0.09,0.35
111.4,501.3325097,,,210.8155161,1014.023737,,,,1.11,5.01,,,2.11,10.14,,,0.11,0.18
108.3,500.0564567,,,211.9405165,1023.515909,,,,1.08,5.00,,,2.12,10.24,,,0.08,0.26
111.3,506.2953149,,,223.3307214,1032.612964,,,,1.11,5.06,,,2.23,10.33,,,0.13,0.40
111.8,509.7424948,,,214.7868494,1026.773615,,,,1.12,5.10,,,2.15,10.27,,,0.15,0.31
92.4,494.5438342,,,212.2184287,1028.944076,,,,0.92,4.95,,,2.12,10.29,,,0.09,0.31
96.1,516.7234139,,,209.6848026,1028.569066,,,,0.96,5.17,,,2.10,10.29,,,0.17,0.30
111.9,514.5028078,,,217.7746479,1024.599058,,,,1.12,5.15,,,2.18,10.25,,,0.19,0.30
94.7,494.4499217,,,206.5411789,1033.644365,,,,0.95,4.94,,,2.07,10.34,,,0.08,0.34
97,504.5346834,,,210.4623947,1025.868342,,,,0.97,5.05,,,2.10,10.26,,,0.05,0.28
88.8,523.7299474,,,213.0516146,1021.404385,,,,0.89,5.24,,,2.13,10.21,,,0.26,0.25
91.4,499.9894038,,,224.2281847,1013.159982,,,,0.91,5.00,,,2.24,10.13,,,0.09,0.28
100.1,520.0259031,,,228.0678346,1013.279645,,,,1.00,5.20,,,2.28,10.13,,,0.20,0.31
99,500.8826038,,,221.9766849,1019.034045,,,,0.99,5.01,,,2.22,10.19,,,0.01,0.29
106.8,505.2643866,,,223.0678161,1031.881247,,,,1.07,5.05,,,2.23,10.32,,,0.09,0.39
103.4,496.1358501,,,213.6441531,1022.588452,,,,1.03,4.96,,,2.14,10.23,,,0.05,0.26
88.9,494.3274882,,,210.0203985,1028.190839,,,,0.89,4.94,,,2.10,10.28,,,0.12,0.30
92,493.0762077,,,218.6718758,1017.840322,,,,0.92,4.93,,,2.19,10.18,,,0.11,0.26
104.1,497.7448087,,,223.1125424,1019.187005,,,,1.04,4.98,,,2.23,10.19,,,0.05,0.30
94,517.8178486,,,207.7976211,1034.142431,,,,0.94,5.18,,,2.08,10.34,,,0.19,0.35
96.6,499.2831744,,,224.571375,1031.74628,,,,0.97,4.99,,,2.25,10.32,,,0.03,0.40
90.7,510.9443815,,,222.4746846,1026.704738,,,,0.91,5.11,,,2.22,10.27,,,0.14,0.35
103.9,517.791628,,,214.6430049,1033.231329,,,,1.04,5.18,,,2.15,10.33,,,0.18,0.36
98.4,513.8266158,,,227.5137829,1015.095225,,,,0.98,5.14,,,2.28,10.15,,,0.14,0.31
110.3,497.0858134,,,207.031671,1022.83477,,,,1.10,4.97,,,2.07,10.23,,,0.11,0.24
98.1,497.66568,,,215.1705989,1012.809723,,,,0.98,4.98,,,2.15,10.13,,,0.03,0.20
95.3,498.7536954,,,211.9633888,1031.676529,,,,0.95,4.99,,,2.12,10.32,,,0.05,0.34
102.4,495.0423517,,,217.4125864,1024.289715,,,,1.02,4.95,,,2.17,10.24,,,0.06,0.30
102,514.7881907,,,208.8570838,1021.848842,,,,1.02,5.15,,,2.09,10.22,,,0.15,0.24
109,518.962003,,,227.7208867,1031.772942,,,,1.09,5.19,,,2.28,10.32,,,0.21,0.42
111.5,495.0015996,,,209.7017576,1029.972857,,,,1.12,4.95,,,2.10,10.30,,,0.13,0.32
104.8,501.017336,,,224.1129019,1017.624308,,,,1.05,5.01,,,2.24,10.18,,,0.05,0.30
95,510.8885872,,,208.0589059,1012.623041,,,,0.95,5.11,,,2.08,10.13,,,0.12,0.15
106.9,494.3145492,,,221.6752087,1037.166478,,,,1.07,4.94,,,2.22,10.37,,,0.09,0.43
96.4,517.3817633,,,210.369066,1024.302015,,,,0.96,5.17,,,2.10,10.24,,,0.18,0.26
99.1,522.5551663,,,226.6666518,1032.722909,,,,0.99,5.23,,,2.27,10.33,,,0.23,0.42
97,523.0772681,,,206.7709712,1013.125465,,,,0.97,5.23,,,2.07,10.13,,,0.23,0.15
88.4,520.7184244,,,212.3470927,1029.18143,,,,0.88,5.21,,,2.12,10.29,,,0.24,0.32
105.8,505.2109768,,,213.2017476,1024.190387,,,,1.06,5.05,,,2.13,10.24,,,0.08,0.28
98.8,502.6218757,,,215.7111356,1020.067302,,,,0.99,5.03,,,2.16,10.20,,,0.03,0.25
109.3,501.7759711,,,223.8921963,1025.886465,,,,1.09,5.02,,,2.24,10.26,,,0.09,0.35
110.1,494.6514198,,,215.5519017,1016.858255,,,,1.10,4.95,,,2.16,10.17,,,0.11,0.23
90.7,510.7532676,,,217.0716574,1023.850626,,,,0.91,5.11,,,2.17,10.24,,,0.14,0.29
94.5,519.1905874,,,211.5547724,1027.056189,,,,0.95,5.19,,,2.12,10.27,,,0.20,0.29
110.4,521.3551003,,,208.4085754,1030.201725,,,,1.10,5.21,,,2.08,10.30,,,0.24,0.31
94.1,499.2397444,,,219.465093,1031.031559,,,,0.94,4.99,,,2.19,10.31,,,0.06,0.37
106.8,509.3499477,,,226.9023519,1021.052391,,,,1.07,5.09,,,2.27,10.21,,,0.12,0.34
107.5,521.1920896,,,227.3677506,1026.596172,,,,1.08,5.21,,,2.27,10.27,,,0.22,0.38
106.2,504.2921539,,,217.8871875,1027.550863,,,,1.06,5.04,,,2.18,10.28,,,0.08,0.33
105.9,510.3173555,,,218.3327018,1017.603121,,,,1.06,5.10,,,2.18,10.18,,,0.12,0.25
109,515.122744,,,225.1028492,1020.555726,,,,1.09,5.15,,,2.25,10.21,,,0.18,0.32
103,497.4225931,,,210.5520301,1015.062251,,,,1.03,4.97,,,2.11,10.15,,,0.04,0.18
110.7,496.8432022,,,218.5645177,1033.063258,,,,1.11,4.97,,,2.19,10.33,,,0.11,0.38
100.4,499.8824679,,,207.7095269,1016.475604,,,,1.00,5.00,,,2.08,10.16,,,0.00,0.18
96.5,507.6205216,,,208.5393394,1015.21006,,,,0.97,5.08,,,2.09,10.15,,,0.08,0.17
96.4,514.6123683,,,210.1448547,1014.72889,,,,0.96,5.15,,,2.10,10.15,,,0.15,0.18
102.1,496.7474576,,,212.0069271,1028.157384,,,,1.02,4.97,,,2.12,10.28,,,0.04,0.31
98.9,516.1361342,,,207.2631864,1025.660763,,,,0.99,5.16,,,2.07,10.26,,,0.16,0.27
103.7,509.5083151,,,225.9914754,1037.973041,,,,1.04,5.10,,,2.26,10.38,,,0.10,0.46
90.5,518.857243,,,227.2690798,1019.01941,,,,0.91,5.19,,,2.27,10.19,,,0.21,0.33
89.1,501.5091677,,,221.3588759,1020.631663,,,,0.89,5.02,,,2.21,10.21,,,0.11,0.30
103.7,506.3329274,,,228.5034715,1022.402456,,,,1.04,5.06,,,2.29,10.22,,,0.07,0.36
96.5,515.6005529,,,223.1287461,1036.040872,,,,0.97,5.16,,,2.23,10.36,,,0.16,0.43
97,512.1356482,,,219.7371751,1017.736537,,,,0.97,5.12,,,2.20,10.18,,,0.13,0.27
99.4,508.2950285,,,224.9994515,1037.707194,,,,0.99,5.08,,,2.25,10.38,,,0.08,0.45
101.8,496.3807596,,,218.0192083,1029.158825,,,,1.02,4.96,,,2.18,10.29,,,0.04,0.34
100.7,513.3080344,,,226.5357256,1015.814828,,,,1.01,5.13,,,2.27,10.16,,,0.13,0.31
97.6,498.7952563,,,213.318171,1026.294788,,,,0.98,4.99,,,2.13,10.26,,,0.03,0.29
109.8,504.8326544,,,210.8115082,1030.883137,,,,1.10,5.05,,,2.11,10.31,,,0.11,0.33
99.8,498.9913504,,,224.7144644,1016.147515,,,,1.00,4.99,,,2.25,10.16,,,0.01,0.30
110,496.9796902,,,208.8190828,1012.544256,,,,1.10,4.97,,,2.09,10.13,,,0.10,0.15
101.4,523.7148048,,,207.4419832,1014.821822,,,,1.01,5.24,,,2.07,10.15,,,0.24,0.17
100.6,504.652991,,,218.7037684,1026.337352,,,,1.01,5.05,,,2.19,10.26,,,0.05,0.32
100,503.7208373,,,225.4856269,1020.159924,,,,1.00,5.04,,,2.25,10.20,,,0.04,0.32
96.3,508.748388,,,227.7204088,1036.556562,,,,0.96,5.09,,,2.28,10.37,,,0.09,0.46
104.6,496.6615537,,,212.723835,1024.888466,,,,1.05,4.97,,,2.13,10.25,,,0.06,0.28
108.6,519.6714366,,,225.5803295,1031.859689,,,,1.09,5.20,,,2.26,10.32,,,0.21,0.41
100.2,507.0959138,,,214.0225072,1036.14266,,,,1.00,5.07,,,2.14,10.36,,,0.07,0.39
106.9,495.0701513,,,219.6991263,1035.824699,,,,1.07,4.95,,,2.20,10.36,,,0.08,0.41
95,518.7994513,,,218.2885308,1021.329248,,,,0.95,5.19,,,2.18,10.21,,,0.19,0.28
95.3,521.8525052,,,219.38128,1018.218982,,,,0.95,5.22,,,2.19,10.18,,,0.22,0.27
97.5,503.9237852,,,215.6943301,1015.927384,,,,0.98,5.04,,,2.16,10.16,,,0.05,0.22
101.2,495.7854664,,,207.5826518,1018.593055,,,,1.01,4.96,,,2.08,10.19,,,0.04,0.20
97.2,510.4117427,,,208.9814276,1037.407628,,,,0.97,5.10,,,2.09,10.37,,,0.11,0.38
100.5,500.8793185,,,215.4529292,1019.849668,,,,1.01,5.01,,,2.15,10.20,,,0.01,0.25
94.5,520.7824454,,,221.3778162,1028.133628,,,,0.95,5.21,,,2.21,10.28,,,0.21,0.35
105.9,522.5481585,,,213.2244801,1022.139472,,,,1.06,5.23,,,2.13,10.22,,,0.23,0.26
96.7,513.7647435,,,213.4571149,1034.67276,,,,0.97,5.14,,,2.13,10.35,,,0.14,0.37
90.1,512.3382026,,,221.9426219,1023.350947,,,,0.90,5.12,,,2.22,10.23,,,0.16,0.32
93.1,503.5810303,,,214.279919,1026.998598,,,,0.93,5.04,,,2.14,10.27,,,0.08,0.31
89,497.5129555,,,219.6277218,1015.942865,,,,0.89,4.98,,,2.20,10.16,,,0.11,0.25
97,506.7294748,,,227.5670704,1029.92832,,,,0.97,5.07,,,2.28,10.30,,,0.07,0.41
108.6,522.2798552,,,220.6994101,1014.648808,,,,1.09,5.22,,,2.21,10.15,,,0.24,0.25
107.6,509.2117179,,,211.6197153,1017.026997,,,,1.08,5.09,,,2.12,10.17,,,0.12,0.21
95.1,508.5274012,,,208.6732515,1036.498199,,,,0.95,5.09,,,2.09,10.36,,,0.10,0.38
108.9,513.9934597,,,226.0124695,1034.202098,,,,1.09,5.14,,,2.26,10.34,,,0.17,0.43
107.4,519.9950171,,,227.9893179,1020.144092,,,,1.07,5.20,,,2.28,10.20,,,0.21,0.34
110.2,509.9716108,,,206.946575,1023.279522,,,,1.10,5.10,,,2.07,10.23,,,0.14,0.24
96.6,500.9490535,,,209.5406278,1038.044313,,,,0.97,5.01,,,2.10,10.38,,,0.04,0.39
91.1,500.099386,,,217.9358712,1022.677153,,,,0.91,5.00,,,2.18,10.23,,,0.09,0.29
102.2,507.0392895,,,208.1018305,1019.831391,,,,1.02,5.07,,,2.08,10.20,,,0.07,0.21
93.8,513.5612478,,,227.9848223,1026.339403,,,,0.94,5.14,,,2.28,10.26,,,0.15,0.38
98.6,494.4297861,,,225.2107879,1037.02814,,,,0.99,4.94,,,2.25,10.37,,,0.06,0.45
88.6,513.3861368,,,218.0226124,1019.737054,,,,0.89,5.13,,,2.18,10.20,,,0.18,0.27
103.6,498.6386574,,,207.1912415,1026.802598,,,,1.04,4.99,,,2.07,10.27,,,0.04,0.28
108.2,514.771823,,,210.1247963,1031.871487,,,,1.08,5.15,,,2.10,10.32,,,0.17,0.33
96.4,495.9474371,,,218.7191427,1019.983969,,,,0.96,4.96,,,2.19,10.20,,,0.05,0.27
97.8,499.9507249,,,214.262833,1018.476368,,,,0.98,5.00,,,2.14,10.18,,,0.02,0.23
91,513.3425331,,,220.043747,1023.321968,,,,0.91,5.13,,,2.20,10.23,,,0.16,0.31
110.5,521.5492498,,,227.4250688,1036.188919,,,,1.11,5.22,,,2.27,10.36,,,0.24,0.45
107,518.7178891,,,224.2875611,1022.123228,,,,1.07,5.19,,,2.24,10.22,,,0.20,0.33
100.1,514.9526028,,,224.1928928,1022.298959,,,,1.00,5.15,,,2.24,10.22,,,0.15,0.33
110.9,511.4972317,,,206.6767587,1022.402808,,,,1.11,5.11,,,2.07,10.22,,,0.16,0.23
92.3,508.3612073,,,207.6425285,1026.443026,,,,0.92,5.08,,,2.08,10.26,,,0.11,0.28
108.4,492.6067645,,,211.6851244,1016.922637,,,,1.08,4.93,,,2.12,10.17,,,0.11,0.21
108.5,514.6831109,,,224.7386196,1013.073855,,,,1.09,5.15,,,2.25,10.13,,,0.17,0.28
110.7,509.6105462,,,228.0896792,1013.846871,,,,1.11,5.10,,,2.28,10.14,,,0.14,0.31
94.8,498.5589121,,,217.8585027,1021.685454,,,,0.95,4.99,,,2.18,10.22,,,0.05,0.28
110.8,517.5784661,,,206.7163538,1016.781687,,,,1.11,5.18,,,2.07,10.17,,,0.21,0.18
91.1,498.3047824,,,216.7210288,1038.082624,,,,0.91,4.98,,,2.17,10.38,,,0.09,0.42
104.9,523.9254948,,,219.6729908,1022.828679,,,,1.05,5.24,,,2.20,10.23,,,0.24,0.30
94.2,523.0749436,,,224.7790557,1021.164234,,,,0.94,5.23,,,2.25,10.21,,,0.24,0.33
88.3,519.3470354,,,211.8501743,1032.469475,,,,0.88,5.19,,,2.12,10.32,,,0.23,0.35
102.7,516.9601175,,,213.8837947,1018.95328,,,,1.03,5.17,,,2.14,10.19,,,0.17,0.23
97.5,499.101562,,,218.8813276,1022.725773,,,,0.98,4.99,,,2.19,10.23,,,0.03,0.30
95.6,515.6238331,,,224.9724156,1019.717934,,,,0.96,5.16,,,2.25,10.20,,,0.16,0.32
92,509.7380887,,,218.3643335,1025.37389,,,,0.92,5.10,,,2.18,10.25,,,0.13,0.31
89,509.8356132,,,206.4384029,1034.876702,,,,0.89,5.10,,,2.06,10.35,,,0.15,0.35
107.2,520.5722583,,,208.8883964,1028.095527,,,,1.07,5.21,,,2.09,10.28,,,0.22,0.29
90.6,506.5434655,,,220.6911108,1027.053381,,,,0.91,5.07,,,2.21,10.27,,,0.11,0.34
95.2,522.4856046,,,208.0235465,1025.021353,,,,0.95,5.22,,,2.08,10.25,,,0.23,0.26
89.1,522.063171,,,207.5194485,1013.221948,,,,0.89,5.22,,,2.08,10.13,,,0.25,0.15
110.5,500.4898004,,,208.1878951,1032.143858,,,,1.11,5.00,,,2.08,10.32,,,0.11,0.33
110.1,520.1701658,,,218.5222466,1032.198609,,,,1.10,5.20,,,2.19,10.32,,,0.23,0.37
97,504.159455,,,217.2591783,1013.792128,,,,0.97,5.04,,,2.17,10.14,,,0.05,0.22
98.6,516.7459199,,,228.2313372,1016.300915,,,,0.99,5.17,,,2.28,10.16,,,0.17,0.33
102.4,512.6280994,,,226.3833435,1024.503341,,,,1.02,5.13,,,2.26,10.25,,,0.13,0.36
92.6,509.5091581,,,217.9780359,1023.796343,,,,0.93,5.10,,,2.18,10.24,,,0.12,0.30
101.2,497.4220582,,,223.6026372,1024.713832,,,,1.01,4.97,,,2.24,10.25,,,0.03,0.34
93.2,517.4673107,,,222.1103576,1017.914347,,,,0.93,5.17,,,2.22,10.18,,,0.19,0.28
103,520.9833595,,,213.6804747,1023.230782,,,,1.03,5.21,,,2.14,10.23,,,0.21,0.27
104.4,493.1337177,,,220.8018794,1028.724696,,,,1.04,4.93,,,2.21,10.29,,,0.08,0.35
101.2,508.6848808,,,219.1261098,1038.164326,,,,1.01,5.09,,,2.19,10.38,,,0.09,0.43
102,517.0550835,,,228.3394399,1029.232523,,,,1.02,5.17,,,2.28,10.29,,,0.17,0.41
103.3,522.7009924,,,226.6015977,1016.893355,,,,1.03,5.23,,,2.27,10.17,,,0.23,0.32
100.9,497.6965841,,,217.0226719,1015.317237,,,,1.01,4.98,,,2.17,10.15,,,0.02,0.23
109.1,513.9835756,,,215.2493085,1035.356146,,,,1.09,5.14,,,2.15,10.35,,,0.17,0.39
102.3,495.7865449,,,221.8299085,1012.743882,,,,1.02,4.96,,,2.22,10.13,,,0.05,0.25
94.8,513.9130475,,,206.7527751,1017.210977,,,,0.95,5.14,,,2.07,10.17,,,0.15,0.18
92,505.0501215,,,208.2281033,1014.448342,,,,0.92,5.05,,,2.08,10.14,,,0.09,0.17
105.6,503.7022283,,,212.3794422,1037.314297,,,,1.06,5.04,,,2.12,10.37,,,0.07,0.39
95.4,499.8133594,,,209.7003852,1012.711137,,,,0.95,5.00,,,2.10,10.13,,,0.05,0.16
99.5,510.9086075,,,206.6389709,1017.727882,,,,1.00,5.11,,,2.07,10.18,,,0.11,0.19
111.4,519.7797212,,,225.6113059,1015.53428,,,,1.11,5.20,,,2.26,10.16,,,0.23,0.30
109.3,510.9033748,,,214.3432674,1030.118441,,,,1.09,5.11,,,2.14,10.30,,,0.14,0.33
94.8,495.3804587,,,212.9645213,1015.505407,,,,0.95,4.95,,,2.13,10.16,,,0.07,0.20
109.9,496.7557838,,,209.090365,1036.888088,,,,1.10,4.97,,,2.09,10.37,,,0.10,0.38
95.6,518.9270336,,,225.1846975,1037.779883,,,,0.96,5.19,,,2.25,10.38,,,0.19,0.45
100.8,504.9780175,,,212.2416624,1031.485955,,,,1.01,5.05,,,2.12,10.31,,,0.05,0.34
103.6,523.8253859,,,208.9408039,1025.203611,,,,1.04,5.24,,,2.09,10.25,,,0.24,0.27
104.7,511.8755658,,,210.855721,1037.441942,,,,1.05,5.12,,,2.11,10.37,,,0.13,0.39
97,513.5885595,,,209.7048546,1017.356855,,,,0.97,5.14,,,2.10,10.17,,,0.14,0.20
95.3,511.1740094,,,218.2796622,1023.129674,,,,0.95,5.11,,,2.18,10.23,,,0.12,0.29
90.5,517.0062159,,,207.7021858,1017.326283,,,,0.91,5.17,,,2.08,10.17,,,0.19,0.19
100.7,522.3640617,,,213.8126462,1013.314584,,,,1.01,5.22,,,2.14,10.13,,,0.22,0.19
88.4,508.3557056,,,217.8503188,1030.80735,,,,0.88,5.08,,,2.18,10.31,,,0.14,0.36
97.8,513.6797491,,,227.8391153,1020.562318,,,,0.98,5.14,,,2.28,10.21,,,0.14,0.35
106,499.6605031,,,225.1599126,1037.41294,,,,1.06,5.00,,,2.25,10.37,,,0.06,0.45
99.5,504.0237595,,,210.0381502,1014.678667,,,,1.00,5.04,,,2.10,10.15,,,0.04,0.18
90.7,518.9439249,,,215.0284835,1021.144797,,,,0.91,5.19,,,2.15,10.21,,,0.21,0.26
104.4,508.3837096,,,211.1352765,1013.482372,,,,1.04,5.08,,,2.11,10.13,,,0.09,0.17
103.6,517.3167611,,,214.6727148,1026.003149,,,,1.04,5.17,,,2.15,10.26,,,0.18,0.30
96,495.7952902,,,221.360014,1032.311734,,,,0.96,4.96,,,2.21,10.32,,,0.06,0.39
101.6,509.9672681,,,219.8230712,1027.724303,,,,1.02,5.10,,,2.20,10.28,,,0.10,0.34
104.1,518.4342997,,,216.8506686,1034.766745,,,,1.04,5.18,,,2.17,10.35,,,0.19,0.39
92.7,499.0384561,,,214.8766035,1017.304096,,,,0.93,4.99,,,2.15,10.17,,,0.07,0.23
107.2,517.6743276,,,217.7269983,1016.205557,,,,1.07,5.18,,,2.18,10.16,,,0.19,0.24
101.3,500.3486501,,,212.7357271,1032.455428,,,,1.01,5.00,,,2.13,10.32,,,0.01,0.35
91.6,513.323707,,,206.9950095,1035.954622,,,,0.92,5.13,,,2.07,10.36,,,0.16,0.37
89.1,502.6704647,,,214.6337011,1037.075379,,,,0.89,5.03,,,2.15,10.37,,,0.11,0.40
100.1,511.9286666,,,228.1229115,1023.396754,,,,1.00,5.12,,,2.28,10.23,,,0.12,0.37
92.3,518.4990268,,,217.5220102,1019.024158,,,,0.92,5.18,,,2.18,10.19,,,0.20,0.26
91.6,518.15132,,,215.0944112,1025.153886,,,,0.92,5.18,,,2.15,10.25,,,0.20,0.29
104,515.0473629,,,215.180897,1029.936742,,,,1.04,5.15,,,2.15,10.30,,,0.16,0.34
108.9,498.7088937,,,216.5937452,1013.484931,,,,1.09,4.99,,,2.17,10.13,,,0.09,0.21
101.4,513.28424,,,225.0956704,1025.22122,,,,1.01,5.13,,,2.25,10.25,,,0.13,0.36
108.7,496.8106845,,,227.386792,1017.664005,,,,1.09,4.97,,,2.27,10.18,,,0.09,0.33
95.5,510.9018025,,,214.0026482,1021.906986,,,,0.96,5.11,,,2.14,10.22,,,0.12,0.26
89.2,519.4134991,,,208.0563539,1028.787518,,,,0.89,5.19,,,2.08,10.29,,,0.22,0.30
104.9,517.4564267,,,223.4357937,1037.421636,,,,1.05,5.17,,,2.23,10.37,,,0.18,0.44
109.3,511.4514313,,,214.4180521,1020.265345,,,,1.09,5.11,,,2.14,10.20,,,0.15,0.25
109.1,522.0693934,,,224.6330472,1031.302633,,,,1.09,5.22,,,2.25,10.31,,,0.24,0.40
94.6,510.6178956,,,212.5623129,1025.142799,,,,0.95,5.11,,,2.13,10.25,,,0.12,0.28
90.5,492.7325341,,,227.6886691,1022.725293,,,,0.91,4.93,,,2.28,10.23,,,0.12,0.36
104.4,500.592518,,,222.2132609,1021.494383,,,,1.04,5.01,,,2.22,10.21,,,0.04,0.31
98.5,524.0299316,,,220.6360132,1021.75486,,,,0.99,5.24,,,2.21,10.22,,,0.24,0.30
97.3,499.4670004,,,221.1988738,1037.468029,,,,0.97,4.99,,,2.21,10.37,,,0.03,0.43
110.9,498.6937566,,,216.8283028,1019.398348,,,,1.11,4.99,,,2.17,10.19,,,0.11,0.26
103.7,500.1151647,,,223.6061736,1019.809745,,,,1.04,5.00,,,2.24,10.20,,,0.04,0.31
108.1,500.2439889,,,228.097976,1016.299568,,,,1.08,5.00,,,2.28,10.16,,,0.08,0.32
101.3,518.3801025,,,208.4854968,1018.773621,,,,1.01,5.18,,,2.08,10.19,,,0.18,0.21
93.3,518.1748441,,,222.9464119,1030.7039,,,,0.93,5.18,,,2.23,10.31,,,0.19,0.38
109.6,505.1637491,,,221.3662875,1029.901218,,,,1.10,5.05,,,2.21,10.30,,,0.11,0.37
103.3,519.739122,,,220.8109054,1035.065447,,,,1.03,5.20,,,2.21,10.35,,,0.20,0.41
110.1,505.2920905,,,227.8546927,1022.007662,,,,1.10,5.05,,,2.28,10.22,,,0.11,0.35
94.4,515.8684631,,,224.7184975,1035.792292,,,,0.94,5.16,,,2.25,10.36,,,0.17,0.43
103.7,498.9515093,,,228.2422559,1016.899336,,,,1.04,4.99,,,2.28,10.17,,,0.04,0.33
91.7,514.8198685,,,220.7628765,1033.75164,,,,0.92,5.15,,,2.21,10.34,,,0.17,0.40
