d1(cm),d_real(cm),d_mea(cm),d2(cm),d_real(cm),d_mea(cm),d3(cm),d_real(cm),d_mea(cm),d4(cm),d_real(cm),d_mea(cm),d5(cm),d_real(cm),d_mea(cm),d6(cm),d_real(cm),d_mea(cm),d7(cm),d_real(cm),d_mea(cm)
56.4,50,52.50943396,94.3,100,96.85974235,192.6,200,198.6363777,300.1,300,302.9545349,511,500,518.6154616,1037.7,1000m,1042.868203,1535.2,1500m,1540.809535
57.3,,60.4,94.2,,107.9,195.3,,207.5,302.7,,309.4,532.1,,588,1046.3,,1102.7,1558.4,,1574
56.4,,51.7,97.4,,87.3,194.5,,190.8,300.7,,294.8,503.8,,499.6,1038.4,,1024.4,1529.5,,1522.2
58.6,,,97.8,,,193.3,,,303.4,,,549.3,,,1067.8,,,1524,,
55.4,,,95.8,,,196.7,,,300,,,506.2,,,1098.7,,,1522.2,,
57,,,95.5,,,204.3,,,301.3,,,522.1,,,1064.9,,,1535.8,,
57.2,,,91.8,,,194.9,,,304.3,,,526,,,1070.1,,,1532.7,,
55.9,,,95.8,,,200.9,,,301.9,,,513.2,,,1037,,,1534.3,,
58.4,,,98.4,,,199.4,,,298.6,,,522.6,,,1035.5,,,1533.1,,
56.6,,,97,,,199.3,,,304.7,,,521.3,,,1070.9,,,1538.5,,
58.7,,,96,,,196.6,,,301.6,,,520.1,,,1102.6,,,1539.3,,
56.4,,,96.8,,,197.6,,,302.9,,,554.8,,,1041.6,,,1535.2,,
54.6,,,97.2,,,194.7,,,301.3,,,505,,,1040.6,,,1531.5,,
55.4,,,97.2,,,195.7,,,301.4,,,520.9,,,1046.6,,,1536.9,,
56.4,,,100.2,,,193.8,,,302.8,,,528.5,,,1038.5,,,1533.7,,
55.5,,,99.7,,,197.4,,,301.5,,,500,,,1040,,,1536.4,,
52.5,,,98.2,,,192.3,,,301.8,,,507.7,,,1047.3,,,1535.1,,
49.9,,,99.4,,,196,,,299.5,,,513.6,,,1031.9,,,1538.5,,
52.5,,,94.9,,,195.3,,,299.5,,,509.3,,,1040.3,,,1538.5,,
55.3,,,92.5,,,197.6,,,304.9,,,501.1,,,1040.2,,,1538.8,,
52,,,96.5,,,195.8,,,303.8,,,505.6,,,1034.6,,,1535.1,,
54.7,,,100.4,,,196.2,,,302,,,518.1,,,1032.1,,,1542.8,,
49,,,94.6,,,194.5,,,303.5,,,526.1,,,1076.9,,,1534.2,,
52.8,,,94.8,,,193.7,,,302.9,,,509.4,,,1041.5,,,1531.5,,
55.2,,,95.6,,,197.6,,,303.6,,,506,,,1064.3,,,1537.1,,
50,,,95.7,,,197.3,,,304.2,,,509.4,,,1102.7,,,1532.9,,
52.7,,,95,,,195.5,,,304.3,,,503.9,,,1044.2,,,1534.9,,
47.8,,,94.7,,,193.1,,,301.5,,,506.2,,,1036.8,,,1538.5,,
54.2,,,99.1,,,195.8,,,302.1,,,533.2,,,1031.8,,,1533.6,,
52.1,,,94.5,,,198.2,,,303.9,,,538.8,,,1039.6,,,1536.9,,
50.9,,,99.3,,,198.4,,,302.7,,,552,,,1040.7,,,1534.5,,
58.3,,,96.2,,,192.9,,,301.1,,,562.7,,,1045.7,,,1539.2,,
49.1,,,95.9,,,198.8,,,302.9,,,531.8,,,1040.7,,,1533.6,,
52,,,97.3,,,195.3,,,304.2,,,544.9,,,1038.1,,,1530.3,,
50.6,,,97,,,193,,,302.8,,,554.2,,,1035.8,,,1542.4,,
52.1,,,99.8,,,194.5,,,302.7,,,532.1,,,1039.7,,,1544.4,,
52.1,,,97.8,,,197.2,,,299.2,,,560.4,,,1038.5,,,1548.1,,
48.1,,,101.1,,,195.2,,,299.4,,,546.1,,,1042,,,1552.9,,
52.1,,,99.6,,,198.1,,,301.7,,,568,,,1041.1,,,1543.7,,
52.2,,,97.7,,,198.5,,,302.2,,,540.3,,,1036.3,,,1539.4,,
56.8,,,100.9,,,193.6,,,303.2,,,557.8,,,1052,,,1536.7,,
54.6,,,101.7,,,195.8,,,303.2,,,554.4,,,1076,,,1540.9,,
54,,,101,,,199.6,,,304.1,,,523.3,,,1036,,,1531.2,,
47.8,,,100.4,,,198.3,,,301.5,,,547.5,,,1041.2,,,1543.5,,
53.1,,,101.1,,,200.5,,,297.9,,,553.4,,,1024.4,,,1544.2,,
51.2,,,96.1,,,196.9,,,304.5,,,520.4,,,1044.2,,,1541.1,,
51.6,,,99.3,,,197.8,,,302.4,,,552.6,,,1048,,,1545.1,,
49.4,,,100,,,197.3,,,303.1,,,562.2,,,1041.9,,,1538,,
50.3,,,101.9,,,199.6,,,304.6,,,550.4,,,1037,,,1542.2,,
48.1,,,100.9,,,196.6,,,300.6,,,515.8,,,1045.8,,,1545.8,,
55.6,,,99.8,,,198.5,,,303.2,,,549.9,,,1041.6,,,1542.8,,
53.7,,,100.7,,,197.1,,,302,,,545.5,,,1040.3,,,1544.8,,
52.7,,,102.9,,,197,,,302.7,,,535.1,,,1037.4,,,1540.4,,
49.8,,,95.7,,,199.6,,,301.6,,,533.7,,,1033.5,,,1544.8,,
53.9,,,99.9,,,199.7,,,302.7,,,503.7,,,1041.7,,,1547.8,,
50.3,,,97,,,202,,,301.6,,,500.3,,,1043.2,,,1540.8,,
53.9,,,97,,,197,,,304.5,,,533.5,,,1040.1,,,1548.3,,
48.5,,,99.1,,,197.5,,,303.5,,,564.4,,,1093.8,,,1543.2,,
54.1,,,101.2,,,197.4,,,301.8,,,528.8,,,1037.8,,,1544.1,,
54.2,,,94.6,,,203.5,,,303.2,,,553.4,,,1050.3,,,1536.5,,
50.3,,,98.2,,,199.5,,,300.4,,,567.1,,,1038.9,,,1537.4,,
52.6,,,99.5,,,196.6,,,302.8,,,527.8,,,1037.9,,,1548.3,,
54.3,,,96.5,,,198.2,,,301.8,,,545.8,,,1051.4,,,1539.8,,
52.5,,,99.9,,,197.2,,,303.1,,,552.3,,,1033.2,,,1542.9,,
51.9,,,95.9,,,195.6,,,302.3,,,532.2,,,1037.8,,,1549.1,,
49.6,,,99.4,,,200.5,,,301,,,541,,,1032.2,,,1540.7,,
54.4,,,97.4,,,197.2,,,299.8,,,539.9,,,1040.9,,,1540.3,,
52.1,,,98.3,,,194.4,,,302.9,,,548.5,,,1036.8,,,1535.8,,
51.1,,,97.1,,,195.8,,,302.3,,,533.1,,,1039.3,,,1544.7,,
51.2,,,97.9,,,195.1,,,306,,,552.2,,,1044.2,,,1540,,
50,,,97.5,,,194.6,,,306.8,,,525.8,,,1043.5,,,1544,,
54,,,102.7,,,194.9,,,304.2,,,553.2,,,1034.9,,,1537.8,,
49.6,,,100.4,,,194,,,304.5,,,547.5,,,1038.2,,,1544,,
51.6,,,100.7,,,195.1,,,303.8,,,528.3,,,1066.9,,,1539,,
52.2,,,92.7,,,194.1,,,306.4,,,523.7,,,1034,,,1543.6,,
55.7,,,101.8,,,194.7,,,305.5,,,546.3,,,1039.9,,,1538.8,,
49.2,,,97.1,,,191.1,,,302.6,,,538.8,,,1037.5,,,1537.5,,
54.3,,,100.7,,,191.9,,,302.7,,,539.8,,,1043.6,,,1542.5,,
51.6,,,100.7,,,197.8,,,305.1,,,528.1,,,1028.6,,,1531.5,,
54.6,,,102,,,196,,,301.3,,,552,,,1033.9,,,1538.1,,
52,,,100.2,,,195.2,,,305.5,,,532.8,,,1043.2,,,1567.9,,
50.7,,,102,,,190.8,,,300.4,,,524.3,,,1031.6,,,1542.8,,
49.9,,,98.9,,,193.3,,,302.4,,,551.9,,,1039.3,,,1538.2,,
54.9,,,105.1,,,196.7,,,302.3,,,522.5,,,1037.2,,,1544.7,,
49.8,,,101.7,,,196.2,,,301.2,,,546.3,,,1041.6,,,1549.1,,
51.1,,,99.8,,,195.3,,,303.3,,,525.3,,,1037.3,,,1542.8,,
49.9,,,100.3,,,196.1,,,303.3,,,517.8,,,1044.1,,,1538.8,,
53.5,,,99.8,,,198.3,,,306,,,550.2,,,1035.1,,,1541.5,,
50.7,,,100.4,,,194.6,,,304,,,507.4,,,1048.1,,,1544.7,,
53.7,,,99.8,,,199.6,,,301,,,512.3,,,1030.5,,,1542.2,,
45.4,,,98,,,195.1,,,301.8,,,504.4,,,1038.2,,,1536.6,,
51.7,,,99.5,,,195.7,,,302.1,,,502.2,,,1039.2,,,1538,,
48.5,,,102.7,,,197.5,,,303.2,,,508.8,,,1038.7,,,1541.3,,
54.3,,,104.7,,,195.5,,,302.5,,,511.8,,,1042.7,,,1542.2,,
54.9,,,99.2,,,195.3,,,306.3,,,505.5,,,1067.4,,,1541.3,,
52.9,,,98.1,,,201.3,,,303.2,,,536.2,,,1031.8,,,1542.2,,
52.3,,,99.5,,,196.5,,,302.6,,,525.4,,,1044.4,,,1545.4,,
51.2,,,105.7,,,195.6,,,305.1,,,534.6,,,1039.1,,,1543.1,,
57.6,,,104.4,,,196.3,,,303.6,,,524.5,,,1042.7,,,1535.6,,
51.7,,,104.7,,,197.9,,,301.5,,,520.2,,,1038.7,,,1536.7,,
54.1,,,100.7,,,197.9,,,301.6,,,524.6,,,1048.1,,,1541.1,,
53.9,,,99.6,,,193.7,,,299.9,,,529.3,,,1065.1,,,1536.8,,
56,,,99.2,,,195,,,304.8,,,533.9,,,1067,,,1532.7,,
49.6,,,103,,,197.8,,,302.2,,,507.1,,,1038.7,,,1537.4,,
51.4,,,102.2,,,195.1,,,304.5,,,523.1,,,1033,,,1543.1,,
48.8,,,101,,,195.8,,,302.4,,,572.4,,,1033.1,,,1539.9,,
56.5,,,99.7,,,199.2,,,301.2,,,520.7,,,1031.8,,,1538.2,,
59.3,,,100.3,,,197.2,,,300.7,,,520.2,,,1038,,,1544,,
51.9,,,99.9,,,196.9,,,302.9,,,579.3,,,1042.5,,,1542.7,,
48.9,,,98.8,,,194.6,,,307.3,,,514.1,,,1035.8,,,1531.5,,
51.8,,,100.9,,,194.3,,,301.6,,,523.3,,,1036.7,,,1533.7,,
50,,,103.2,,,195.9,,,301.5,,,512.3,,,1061.3,,,1538.2,,
49.9,,,102.1,,,195.2,,,303.8,,,510.4,,,1037.2,,,1541.1,,
51,,,98.2,,,197.8,,,303.4,,,513.3,,,1042.4,,,1540.9,,
54.5,,,99,,,193.8,,,300.9,,,514.1,,,1035.7,,,1538.3,,
51.4,,,104.4,,,198.4,,,304.8,,,512.7,,,1042.9,,,1545.8,,
54.2,,,101.3,,,195.1,,,305.4,,,514.6,,,1033.1,,,1544.9,,
53.4,,,102.6,,,195.4,,,305.4,,,511.8,,,1040.9,,,1541.9,,
56.7,,,104.5,,,194.7,,,304.5,,,516.5,,,1035.8,,,1544.4,,
51.1,,,98,,,195.3,,,303.4,,,509.6,,,1045.2,,,1535.1,,
53.4,,,96.7,,,195.7,,,304.3,,,515.8,,,1068.1,,,1535.2,,
55,,,102.4,,,198.1,,,301.4,,,505.4,,,1039.1,,,1534.3,,
49.8,,,102.4,,,197.3,,,301.2,,,512.3,,,1047.9,,,1541,,
55,,,101.5,,,193.9,,,302.2,,,516,,,1041,,,1543.6,,
52.8,,,102,,,197.9,,,303.5,,,512,,,1036.9,,,1543.9,,
51.6,,,100.5,,,198.6,,,300.2,,,511.9,,,1040.3,,,1545.2,,
49.6,,,98,,,196.5,,,303.4,,,509.9,,,1040.3,,,1538.6,,
53.1,,,102.9,,,197.3,,,303.5,,,514.2,,,1045.2,,,1539.6,,
52.1,,,104.1,,,198.2,,,303.5,,,512.4,,,1043.7,,,1538.3,,
49,,,100.5,,,197.1,,,304,,,508.4,,,1042,,,1544.8,,
52.1,,,102.5,,,196,,,303.6,,,515.9,,,1042.5,,,1542.4,,
51.6,,,100.5,,,199.3,,,303.9,,,516.7,,,1076.6,,,1540,,
52.2,,,97.7,,,196.1,,,302.9,,,514.4,,,1039.4,,,1542.3,,
57.2,,,99.3,,,194.1,,,307,,,515,,,1068.9,,,1540.2,,
51.7,,,101.1,,,197.1,,,305.5,,,509.3,,,1066.1,,,1539.2,,
51.7,,,100.1,,,198.4,,,306.6,,,515.6,,,1036.2,,,1536.6,,
57.4,,,102,,,195.5,,,305,,,512.9,,,1030.7,,,1538,,
50.9,,,99.1,,,193.5,,,303.2,,,505.5,,,1052.7,,,1540.6,,
49.9,,,100.9,,,198.6,,,302.8,,,512.5,,,1056.2,,,1539.6,,
50.1,,,101.8,,,197.1,,,299.5,,,516,,,1063.7,,,1542.9,,
52,,,98.9,,,197.7,,,301.7,,,516.8,,,1044.2,,,1538.7,,
52.4,,,98.6,,,194.3,,,303.5,,,513.6,,,1043.3,,,1538.8,,
53.3,,,95.3,,,198.9,,,301.8,,,511,,,1034.8,,,1540.4,,
47.7,,,102.2,,,194.9,,,302.7,,,512.3,,,1039.4,,,1538.8,,
50.8,,,96.1,,,197.6,,,300.8,,,511.2,,,1040,,,1543.8,,
47.5,,,98.6,,,195.2,,,301.9,,,510.8,,,1047.3,,,1540.7,,
50,,,92.4,,,197.5,,,302.2,,,513.9,,,1044.7,,,1544,,
54.3,,,101.4,,,197.6,,,301.3,,,513.9,,,1041.7,,,1546.6,,
49.9,,,98.9,,,195.6,,,304.5,,,508.6,,,1066.2,,,1541.1,,
50.8,,,101,,,196.7,,,302.1,,,508.8,,,1037.5,,,1545.5,,
51.8,,,96.3,,,194.8,,,301.8,,,509.7,,,1039.1,,,1542.2,,
50.6,,,98.8,,,192.9,,,303.2,,,520.1,,,1039,,,1535.8,,
47.3,,,91.8,,,198.3,,,302.5,,,518.3,,,1037.4,,,1537,,
51.6,,,98,,,197,,,302.9,,,511.6,,,1043.1,,,1538.6,,
52.4,,,93.7,,,198.5,,,301.9,,,517.6,,,1041.8,,,1536.8,,
51.9,,,95.6,,,199.4,,,302.6,,,519.1,,,1035.8,,,1540,,
53.4,,,93.1,,,195.9,,,300.2,,,518.9,,,1038.4,,,1538.6,,
53.1,,,96.8,,,195.6,,,300.8,,,518.3,,,1036,,,1540.2,,
50.9,,,96.1,,,195.7,,,302.7,,,517.6,,,1043.8,,,1544.3,,
52.2,,,91.3,,,197.7,,,304.1,,,507.4,,,1041.5,,,1540.3,,
53.5,,,95.8,,,194.6,,,303.2,,,511.1,,,1036.7,,,1542,,
51.6,,,97.6,,,197.2,,,302.2,,,516.7,,,1044.4,,,1540.2,,
52.8,,,96.9,,,196.4,,,300.5,,,507,,,1098.2,,,1541.1,,
52,,,99,,,197.8,,,301.7,,,511.8,,,1041.8,,,1544.5,,
55.8,,,94.7,,,192.8,,,303.7,,,509.9,,,1036.7,,,1545.5,,
54.5,,,94.8,,,198.5,,,303.3,,,511.4,,,1037.4,,,1535,,
55.5,,,95.6,,,196.8,,,306.2,,,512.3,,,1039.1,,,1537.9,,
56.9,,,95.2,,,196.1,,,300.5,,,507.7,,,1042.7,,,1544.4,,
51.4,,,96.9,,,198.8,,,302.6,,,515.1,,,1042.2,,,1540.1,,
54.3,,,95.1,,,196.3,,,304.5,,,513.5,,,1040.9,,,1540.2,,
52.7,,,104.6,,,197,,,303,,,516.4,,,1041.1,,,1542.4,,
55.9,,,99.5,,,196.7,,,301.9,,,510.7,,,1029.4,,,1542,,
55.3,,,101.6,,,198.6,,,300.6,,,511.1,,,1042.7,,,1536.5,,
55.6,,,97.6,,,196.7,,,303.2,,,518.8,,,1034.5,,,1540.2,,
57.5,,,94,,,198,,,299.4,,,516.1,,,1046.9,,,1543.7,,
53.1,,,96.1,,,198.1,,,305.6,,,505.8,,,1031,,,1541.5,,
54.5,,,99.4,,,199,,,305.6,,,543.9,,,1037.4,,,1539.9,,
54.2,,,102.8,,,195.7,,,302.9,,,513.4,,,1045.5,,,1543.1,,
57.8,,,100.9,,,197.9,,,303.2,,,510.9,,,1040.1,,,1538.4,,
59,,,99,,,198.4,,,303.1,,,572.6,,,1036.6,,,1542,,
54,,,94.2,,,196.2,,,306,,,504.9,,,1049.1,,,1537.7,,
56.4,,,100.4,,,200.3,,,302.9,,,502.4,,,1037,,,1544.6,,
55,,,104.2,,,198.5,,,303.1,,,501.9,,,1038.2,,,1549.1,,
55.6,,,103.1,,,199.2,,,302.6,,,505.3,,,1040.7,,,1546.4,,
54.5,,,105.4,,,196.1,,,303.6,,,502.9,,,1039,,,1543.1,,
55.1,,,107.9,,,197.7,,,301.7,,,507.4,,,1042.4,,,1552.1,,
55.2,,,99.4,,,196.5,,,303.1,,,505.1,,,1035.8,,,1542.4,,
59,,,100.8,,,198.1,,,302.1,,,507.5,,,1041.9,,,1534,,
55.3,,,100.7,,,197.2,,,302.5,,,507.4,,,1043.1,,,1544.3,,
56.5,,,98.2,,,199.1,,,304.5,,,512.7,,,1036.3,,,1542.3,,
57.1,,,98.7,,,198.7,,,306,,,512.9,,,1042.4,,,1545.3,,
51.1,,,102.3,,,199.3,,,304.2,,,518.1,,,1042,,,1537.4,,
55.4,,,98.7,,,197.7,,,302.8,,,510.9,,,1037.7,,,1542.5,,
56.9,,,98,,,195.8,,,302,,,509.9,,,1036.4,,,1535.1,,
56,,,97.5,,,195.9,,,305.2,,,515.7,,,1041.4,,,1540.9,,
57.2,,,97,,,195.9,,,301.9,,,507.7,,,1041.4,,,1546.4,,
58.5,,,97.5,,,192.9,,,301.6,,,528.8,,,1045.2,,,1557,,
56.5,,,100,,,198.8,,,303.3,,,515.8,,,1032.4,,,1540.5,,
52.8,,,95.4,,,199.6,,,306,,,520.9,,,1039.9,,,1528.8,,
55.2,,,93.6,,,194.8,,,299.2,,,503.6,,,1043.3,,,1545.7,,
52.3,,,95.4,,,196.8,,,304.5,,,509.6,,,1040.2,,,1547,,
55.6,,,99,,,201.9,,,304.9,,,514.1,,,1042.3,,,1547.5,,
57.9,,,102.4,,,201.2,,,303.7,,,531.2,,,1073.1,,,1538.1,,
50.8,,,97.4,,,199.3,,,304.5,,,511.4,,,1102.2,,,1547.2,,
51.1,,,97.2,,,198.5,,,300.6,,,516,,,1045,,,1543.3,,
53.1,,,96.3,,,199.7,,,302.8,,,525.3,,,1043.3,,,1541.5,,
49.3,,,98.8,,,197.6,,,305.1,,,524.4,,,1042.3,,,1539.4,,
55.1,,,92.7,,,197.9,,,299.5,,,507.3,,,1036.6,,,1546.4,,
54.7,,,94.4,,,199.1,,,301.9,,,512.4,,,1036.1,,,1541.8,,
52.6,,,96.1,,,199.4,,,304.4,,,528.9,,,1044.9,,,1547.6,,
51.8,,,93.8,,,199,,,302.2,,,529.8,,,1039,,,1547.6,,
49.2,,,98.3,,,199.2,,,300.4,,,511.5,,,1035.6,,,1549.4,,
57.1,,,95.4,,,193.5,,,305.7,,,514.1,,,1039,,,1539.8,,
52.7,,,93.4,,,198,,,302.4,,,551,,,1039.3,,,1538,,
51.7,,,97.2,,,195.7,,,302.4,,,509.8,,,1034.3,,,1539.2,,
56.3,,,95.9,,,200,,,302.8,,,518,,,1038.8,,,1543.9,,
48,,,93.4,,,198.2,,,299.5,,,507.4,,,1037.2,,,1538.4,,
60.4,,,100.6,,,200.9,,,298.4,,,522.3,,,1041.4,,,1533.7,,
48.6,,,98.1,,,197.3,,,305.3,,,523.4,,,1072.6,,,1538.8,,
56.3,,,96.1,,,195.7,,,301.4,,,521,,,1043.5,,,1537.3,,
59.3,,,96.1,,,199,,,298.3,,,509.3,,,1040.1,,,1540,,
53.3,,,100.9,,,194.7,,,302.4,,,571.9,,,1042.5,,,1544.5,,
55.9,,,96.5,,,196.9,,,301.9,,,511.3,,,1036.1,,,1545.8,,
50.9,,,95.9,,,198.8,,,301.4,,,517.1,,,1035.2,,,1551.8,,
50.1,,,90.4,,,199.2,,,303.8,,,508.9,,,1041.2,,,1545.7,,
48.1,,,97.4,,,193.7,,,302.7,,,514.8,,,1038.8,,,1548.1,,
48.6,,,99.9,,,198.8,,,303.9,,,512.9,,,1042.1,,,1546.6,,
49,,,99.4,,,197.3,,,301.9,,,507.5,,,1036,,,1541.8,,
53.6,,,100.3,,,202.4,,,301.1,,,500.6,,,1039.1,,,1539.6,,
58.2,,,100.4,,,203.5,,,301.9,,,518.7,,,1066.7,,,1542.2,,
51.1,,,100.6,,,197.9,,,306.7,,,516,,,1043.3,,,1545.5,,
55,,,94.1,,,199.3,,,300.6,,,511.8,,,1034.2,,,1541,,
52.9,,,94,,,200.3,,,299.1,,,519.9,,,1033.9,,,1538.7,,
55.1,,,90.8,,,199.8,,,303.4,,,512.9,,,1041.3,,,1545.6,,
44.9,,,95,,,196.4,,,303.5,,,504.1,,,1040.4,,,1551.4,,
52.5,,,93.4,,,198.7,,,301.7,,,536.2,,,1035.3,,,1542.3,,
54.3,,,93.9,,,201.6,,,305.3,,,521.9,,,1032.8,,,1548.1,,
50.7,,,93.7,,,197.7,,,305.7,,,521.1,,,1028.7,,,1528.9,,
55.1,,,97.5,,,197.2,,,304.1,,,511.9,,,1035.4,,,1541.1,,
47.1,,,96.5,,,198.7,,,306.9,,,515.4,,,1037.3,,,1546.3,,
56.9,,,94.3,,,195.9,,,303.3,,,514.2,,,1036.1,,,1548.9,,
48.1,,,93.7,,,197.6,,,299.9,,,514.1,,,1068.4,,,1546,,
45,,,99.9,,,196.9,,,304.3,,,519.4,,,1035.5,,,1538.4,,
47.3,,,97.9,,,200.6,,,303.2,,,518.7,,,1028.4,,,1543.5,,
57.1,,,101.4,,,200.3,,,298.7,,,514.9,,,1044.1,,,1544.7,,
54.1,,,98.9,,,200,,,304.9,,,509.7,,,1042.2,,,1540.1,,
51.5,,,97.5,,,198.6,,,303,,,513.6,,,1047.9,,,1546.5,,
56.9,,,98.4,,,200.1,,,303.7,,,515.6,,,1064.6,,,1538.9,,
56.1,,,100.4,,,198.3,,,302.4,,,509.2,,,1043.1,,,1542.3,,
53.3,,,101.4,,,198.9,,,302,,,509.3,,,1035.5,,,1545.1,,
55.8,,,100.9,,,199.9,,,303.9,,,506.9,,,1041.7,,,1543.8,,
54.5,,,99,,,197.9,,,302.7,,,505.5,,,1041.6,,,1542.3,,
58,,,99,,,196.1,,,305.1,,,512.7,,,1051,,,1542.5,,
50.6,,,100.7,,,197.9,,,302.5,,,516.4,,,1048.9,,,1539.5,,
54.1,,,103.2,,,198.2,,,304.8,,,508.1,,,1039.3,,,1540.4,,
56.3,,,97.5,,,202.2,,,300.3,,,514.8,,,1036.7,,,1541.6,,
52.3,,,100.6,,,197.3,,,301.8,,,512,,,1035.8,,,1540,,
48.1,,,104.5,,,199.7,,,302.3,,,513.7,,,1034.3,,,1537.5,,
55,,,102,,,199.9,,,302.3,,,511.4,,,1038.7,,,1545.4,,
51.7,,,101.2,,,200.5,,,304.3,,,516.5,,,1043,,,1541.1,,
49.8,,,102.6,,,198.9,,,300.9,,,527,,,1035.8,,,1539.9,,
54.2,,,107,,,199.4,,,302.4,,,519.8,,,1041.3,,,1541.5,,
52,,,99.1,,,197.6,,,305.9,,,518.3,,,1048.4,,,1538.8,,
48.9,,,103.4,,,194.4,,,305.6,,,512.7,,,1040.1,,,1539.2,,
53.3,,,98.1,,,198.3,,,303.7,,,564.5,,,1033.5,,,1544.9,,
49.1,,,99.5,,,201.5,,,302.4,,,509.4,,,1038.6,,,1538.2,,
54.7,,,99.3,,,199,,,303.6,,,517.3,,,1033.7,,,1543.5,,
51.2,,,95.8,,,202.2,,,302.3,,,513.3,,,1043.5,,,1543.5,,
49.1,,,101.4,,,202.4,,,306.1,,,509.8,,,1039.3,,,1542.2,,
55.9,,,99.5,,,199.6,,,306.2,,,510.5,,,1038.1,,,1539.1,,
52,,,99.3,,,198.5,,,302.7,,,515.1,,,1035.8,,,1546.4,,
47.3,,,98.1,,,198.1,,,301.4,,,521.2,,,1039.1,,,1537.4,,
52.8,,,99.8,,,197.7,,,303.8,,,511.9,,,1038.8,,,1538,,
49.4,,,95.4,,,199.5,,,302.8,,,513.8,,,1035.7,,,1538.4,,
54.4,,,94.8,,,198.3,,,305.5,,,520.3,,,1049.6,,,1535.5,,
53.6,,,94.3,,,200,,,303.8,,,521.9,,,1042.7,,,1547.5,,
53.4,,,94.2,,,196.3,,,305.5,,,516.2,,,1038.8,,,1548.2,,
48.8,,,97.7,,,200.3,,,300.7,,,514.5,,,1040,,,1537.5,,
52.6,,,96.4,,,198.9,,,303.4,,,508.3,,,1041.2,,,1539.4,,
50.7,,,95.4,,,198.6,,,304.1,,,514.8,,,1094.9,,,1545,,
51.3,,,95.4,,,196.5,,,299.7,,,526.1,,,1040.8,,,1540.4,,
52.7,,,93.5,,,198.6,,,304.7,,,511.8,,,1042.3,,,1542.3,,
48.7,,,97.1,,,203.5,,,302.6,,,507.7,,,1039.2,,,1543.6,,
47.4,,,94.5,,,200.6,,,300.9,,,517.2,,,1041.2,,,1541.1,,
54.7,,,96.2,,,199.4,,,305.2,,,520.8,,,1036.5,,,1545.7,,
50,,,96.7,,,199.3,,,304.3,,,510.2,,,1046,,,1541.2,,
48.6,,,93.7,,,198.8,,,305.7,,,514.1,,,1041.9,,,1546.3,,
49.8,,,96.6,,,198.6,,,303.7,,,510.4,,,1040.4,,,1544.1,,
52.3,,,92.9,,,199.8,,,304.5,,,511.5,,,1040.1,,,1543.4,,
50.9,,,94.1,,,200.4,,,303.6,,,517.2,,,1071.2,,,1538.2,,
48.9,,,97.3,,,199.4,,,301.2,,,509.8,,,1045.5,,,1550.4,,
48.2,,,90.8,,,197.9,,,302.4,,,512.9,,,1040.8,,,1538.3,,
48.2,,,98.6,,,199.7,,,308.1,,,511.2,,,1038,,,1542.1,,
54.8,,,92,,,202.2,,,302,,,514.1,,,1042.3,,,1545.6,,
51,,,95,,,198.4,,,302.1,,,511.1,,,1041.9,,,1545.3,,
48.7,,,94.2,,,200.3,,,300.2,,,512.7,,,1038.8,,,1540.4,,
53.2,,,93.6,,,196.6,,,302.8,,,516.4,,,1036.4,,,1541.7,,
50.4,,,95.4,,,196.1,,,307.8,,,509.6,,,1041.4,,,1546.7,,
52.6,,,92.5,,,197.5,,,303,,,515.6,,,1044.7,,,1534.6,,
49.1,,,93.7,,,197.9,,,304.2,,,512.6,,,1035.2,,,1541.2,,
51,,,97.4,,,200.6,,,301.8,,,509.2,,,1042.8,,,1532.6,,
53.9,,,97.5,,,196.5,,,300.8,,,516.2,,,1043.5,,,1544.1,,
55,,,95,,,197.6,,,305.3,,,517,,,1042.7,,,1545.8,,
48.5,,,92.6,,,195.8,,,300.6,,,512.3,,,1042.1,,,1543.5,,
50.9,,,95.3,,,198.5,,,308.2,,,516.8,,,1043.3,,,1543.2,,
52.3,,,93.8,,,202.8,,,302,,,516.2,,,1043,,,1545.5,,
53.8,,,96.1,,,201,,,302,,,517.2,,,1041.6,,,1545.1,,
52.5,,,96.3,,,197.6,,,301.8,,,520.1,,,1044.5,,,1543.6,,
54.6,,,93.1,,,201,,,301.3,,,518.7,,,1042.5,,,1540.6,,
55.6,,,92.7,,,198.2,,,304.5,,,520.4,,,1043.5,,,1542.5,,
53.5,,,94.6,,,197,,,301.8,,,519.5,,,1031.2,,,1538.8,,
52.5,,,97.3,,,198.5,,,301.4,,,515,,,1040.1,,,1542.3,,
53.8,,,94.9,,,202.2,,,303.2,,,516.6,,,1037.2,,,1546.3,,
53.5,,,94.9,,,197.3,,,301.9,,,512.5,,,1044.9,,,1541.1,,
52.3,,,95.8,,,200.7,,,303,,,519.8,,,1043.5,,,1538.3,,
52.7,,,96.2,,,199.7,,,300.9,,,516.2,,,1039.6,,,1545.5,,
51.4,,,99.3,,,201.6,,,300.6,,,516,,,1043.4,,,1541.6,,
51,,,96.4,,,200.3,,,304.5,,,508.2,,,1041.4,,,1541.7,,
54.5,,,93.9,,,197.6,,,303,,,513.9,,,1032.9,,,1535.3,,
55.3,,,95,,,202.4,,,301.9,,,517.9,,,1039.6,,,1543.3,,
52.6,,,94.9,,,199.2,,,304.6,,,515.4,,,1035.6,,,1547.5,,
53,,,95.9,,,200.1,,,303.4,,,519.4,,,1045.4,,,1541.2,,
52.5,,,90.4,,,201.7,,,302.8,,,516.9,,,1094.7,,,1547.1,,
53.4,,,96.9,,,201.2,,,301.2,,,517.1,,,1068.1,,,1536.3,,
52.1,,,96.2,,,199.7,,,296.4,,,512.9,,,1047.2,,,1539.8,,
52,,,97.4,,,199.6,,,307.8,,,527.7,,,1046.4,,,1535.5,,
53.9,,,94.6,,,203,,,302.3,,,506.4,,,1044.4,,,1544,,
48.8,,,94.9,,,202.3,,,298.7,,,509,,,1038.3,,,1544.3,,
51,,,92.5,,,204.2,,,304.7,,,518.4,,,1046.5,,,1544,,
52.2,,,92.9,,,197.8,,,300.4,,,517.4,,,1038,,,1541.3,,
54.1,,,96.4,,,199.3,,,302.1,,,508.5,,,1045.8,,,1546.9,,
52.8,,,93.2,,,196.3,,,301.5,,,513.8,,,1043.1,,,1535.6,,
53.2,,,93.6,,,196.4,,,303.2,,,521,,,1041.7,,,1540.7,,
52,,,97.9,,,199.1,,,302.7,,,513.9,,,1067.7,,,1541.7,,
52.9,,,95.4,,,199.2,,,302,,,512.3,,,1065.3,,,1544.1,,
55.1,,,95.9,,,197.3,,,305.2,,,521.2,,,1031.9,,,1541.9,,
53.3,,,97.5,,,200.3,,,304.5,,,513.5,,,1035,,,1544.7,,
53.2,,,96.3,,,196.2,,,301,,,511.9,,,1042.5,,,1550,,
53,,,96.3,,,199,,,306.4,,,516.9,,,1036.8,,,1539,,
55.9,,,95.1,,,198.6,,,304.6,,,516.4,,,1045.5,,,1541.3,,
52.2,,,94.8,,,197.6,,,302.4,,,507.8,,,1046.6,,,1543.6,,
55.5,,,96.8,,,196.2,,,301.4,,,513.6,,,1046.5,,,1544.5,,
54.9,,,92.3,,,196.6,,,303,,,518,,,1042.4,,,1551.7,,
54.8,,,94.6,,,199,,,306.2,,,510.2,,,1043.1,,,1550.8,,
51.5,,,93.3,,,199,,,305,,,520.6,,,1037.8,,,1538,,
55.3,,,94.2,,,199.8,,,304.8,,,519.3,,,1050.9,,,1542.2,,
55.7,,,95.9,,,197,,,301.5,,,519,,,1049.4,,,1542.9,,
55.5,,,96.9,,,199.1,,,303.1,,,514.1,,,1039,,,1557.8,,
57.9,,,93.1,,,199,,,301.4,,,519.9,,,1045.9,,,1550.5,,
52.9,,,95,,,202.5,,,299.1,,,519.9,,,1044.4,,,1540,,
49.7,,,97.9,,,202,,,303.8,,,510.1,,,1041.9,,,1544.5,,
55.4,,,95.6,,,196,,,304.8,,,513.8,,,1041.4,,,1540.4,,
53.5,,,93.8,,,199.9,,,301.1,,,516,,,1035,,,1546.4,,
53.5,,,90.6,,,196.2,,,303.1,,,509.6,,,1039,,,1547.6,,
55.7,,,93.8,,,197.3,,,306.9,,,519.7,,,1039.8,,,1543.9,,
49.1,,,92.3,,,195.7,,,303.8,,,519.1,,,1048,,,1542.7,,
54.4,,,96.1,,,197.3,,,304.2,,,519.4,,,1044.6,,,1542.8,,
53.8,,,95.2,,,197.4,,,309.4,,,515.4,,,1037.2,,,1545.1,,
53,,,93.1,,,201.3,,,301.6,,,512.1,,,1041.1,,,1548.2,,
51.2,,,98.5,,,195.9,,,303.5,,,519.5,,,1044.3,,,1542.6,,
55.9,,,92.9,,,196.3,,,301.3,,,513,,,1032.8,,,1544.7,,
50.2,,,90,,,200.4,,,303.4,,,515,,,1040.2,,,1535.6,,
53,,,96.5,,,195.3,,,303.5,,,518,,,1043.6,,,1548.2,,
54.6,,,94.6,,,201.1,,,302.5,,,516.4,,,1035.1,,,1536.4,,
57.4,,,94.7,,,195.8,,,303.8,,,522.9,,,1034.5,,,1538.6,,
56,,,94.6,,,197.7,,,301.9,,,519.6,,,1029.8,,,1542.4,,
56.1,,,96.2,,,198.4,,,305.3,,,512.9,,,1037.4,,,1542.1,,
53.5,,,93.1,,,199.1,,,303.4,,,518.5,,,1026.5,,,1546.8,,
57.4,,,92.7,,,196.6,,,303.9,,,522.2,,,1044.1,,,1552.1,,
50.9,,,95.9,,,195.6,,,304.3,,,513,,,1044.6,,,1540.9,,
53.6,,,95.8,,,199.4,,,301.5,,,517,,,1033.5,,,1535.7,,
59,,,94.2,,,195.8,,,303,,,517,,,1042.6,,,1540.1,,
51,,,93.8,,,198.8,,,302.8,,,523.7,,,1043.1,,,1546.1,,
56.1,,,98.3,,,197.4,,,302,,,519,,,1041.5,,,1540.5,,
57.8,,,93.4,,,197.8,,,306.3,,,525.7,,,1044.3,,,1552.3,,
53.1,,,95,,,197.7,,,302.3,,,508.7,,,1041.2,,,1544.7,,
53.9,,,96.2,,,197.3,,,305.7,,,515.6,,,1039.1,,,1544.2,,
57.8,,,98.1,,,196.5,,,301.6,,,514.7,,,1044.3,,,1544.4,,
52.8,,,95.6,,,193.6,,,303.3,,,514.3,,,1037.1,,,1546.1,,
53.6,,,95.4,,,197,,,300.2,,,517.9,,,1040.7,,,1541,,
56.7,,,96,,,198.5,,,302.9,,,519.1,,,1046.2,,,1542.6,,
51.2,,,92.8,,,195.2,,,304,,,517.9,,,1040.7,,,1539.5,,
50.3,,,98.2,,,199,,,304.6,,,515.9,,,1048.5,,,1541.6,,
55.4,,,95.1,,,198.2,,,304.4,,,517.1,,,1033.8,,,1546.5,,
57.7,,,93.9,,,196.6,,,300.6,,,518.3,,,1039.4,,,1540.3,,
55.8,,,94.7,,,200.8,,,303.5,,,523.5,,,1043.7,,,1542.9,,
53.9,,,97.8,,,200.5,,,306.6,,,523.8,,,1039.1,,,1545.6,,
53.4,,,96.2,,,196.6,,,301.8,,,513,,,1044.6,,,1548.7,,
54.1,,,97.3,,,196.3,,,302.9,,,519,,,1044.4,,,1537.3,,
53.7,,,97.2,,,199.2,,,304,,,527.3,,,1043.6,,,1539.8,,
52.4,,,93.1,,,200.7,,,302.3,,,516.5,,,1036.5,,,1535.9,,
49.6,,,95.5,,,192.2,,,299.8,,,517.4,,,1041.2,,,1541,,
50.1,,,94.8,,,195.5,,,304.7,,,513.7,,,1038,,,1547.9,,
52.7,,,97,,,197.3,,,305.2,,,513.3,,,1040.7,,,1537.6,,
53.7,,,94.4,,,198.2,,,305.4,,,508.2,,,1030.5,,,1542,,
52.7,,,93.1,,,195.7,,,301.9,,,517.9,,,1035.6,,,1553,,
53.3,,,94.9,,,194.7,,,303,,,517.5,,,1029,,,1538.2,,
51.4,,,95.2,,,193.2,,,303.8,,,514.1,,,1038.5,,,1541.9,,
47.7,,,94.5,,,196.4,,,306.8,,,510.3,,,1041.5,,,1542.8,,
50,,,92.9,,,198,,,300.4,,,516.5,,,1043.6,,,1540.3,,
48.3,,,96,,,198.6,,,303.7,,,520.3,,,1040.9,,,1543.3,,
49.3,,,93.3,,,195.7,,,304,,,519.3,,,1041.7,,,1543.7,,
49.8,,,92,,,198.2,,,304,,,510.5,,,1042.6,,,1535.3,,
52.1,,,92.9,,,195.2,,,301.7,,,521.7,,,1040.4,,,1543.9,,
48.1,,,96.4,,,198.7,,,305.8,,,521,,,1040.2,,,1542.7,,
52,,,94.3,,,201.5,,,306,,,513.6,,,1033.8,,,1546.6,,
52.1,,,92.2,,,195,,,301.3,,,515,,,1043.6,,,1539.1,,
48.6,,,88.1,,,200.1,,,300.9,,,514.8,,,1037.5,,,1544.5,,
48.2,,,95.5,,,196.5,,,307.5,,,517.7,,,1034.4,,,1539.1,,
50.8,,,95.9,,,198.2,,,307.6,,,519.4,,,1035.5,,,1542.5,,
52,,,90.4,,,198.2,,,303,,,515.4,,,1036.3,,,1546.7,,
54.1,,,95.3,,,201.2,,,307.6,,,513.3,,,1044.1,,,1541,,
48.5,,,96.8,,,197.5,,,308.2,,,517.1,,,1032.4,,,1544.5,,
51.1,,,97,,,199.6,,,306.1,,,520.2,,,1038.4,,,1541.7,,
49.7,,,95.7,,,203.1,,,305.3,,,516.5,,,1040.5,,,1544.3,,
48.9,,,95.1,,,200.4,,,306.2,,,519.9,,,1042.2,,,1541.3,,
53.4,,,97.6,,,200.1,,,301,,,514.5,,,1039.3,,,1542.6,,
54.4,,,95,,,196.5,,,305.2,,,514.9,,,1033.8,,,1541.9,,
52.2,,,98.1,,,197.1,,,304.7,,,517.6,,,1029.9,,,1541.7,,
49,,,95,,,201.7,,,303.9,,,514,,,1041.6,,,1541.7,,
49.1,,,94.5,,,199,,,301.7,,,515.5,,,1101.5,,,1538.8,,
53.1,,,94.7,,,199.5,,,301.1,,,516.3,,,1035.9,,,1545.8,,
53.6,,,92.7,,,200.5,,,301.5,,,508.9,,,1039.6,,,1539.9,,
53,,,100.7,,,201,,,302.5,,,520,,,1032.9,,,1540.4,,
51.8,,,95.3,,,200.2,,,299.4,,,516.1,,,1038.7,,,1540.5,,
52,,,97.1,,,202.3,,,302.5,,,519.2,,,1039.4,,,1550.7,,
50.8,,,98,,,200.7,,,305.6,,,520,,,1032.6,,,1541.9,,
53,,,96.1,,,202.5,,,304.1,,,516.7,,,1040.1,,,1541.2,,
52.2,,,97.2,,,204.3,,,307.3,,,526.9,,,1045.4,,,1541.9,,
51.3,,,94.1,,,200,,,300.8,,,522.1,,,1038.5,,,1543.1,,
53.2,,,95.9,,,199.5,,,301.6,,,520.6,,,1035.6,,,1544,,
51,,,96.2,,,203.4,,,303.9,,,521.3,,,1041.2,,,1539.5,,
51.2,,,96.6,,,201.1,,,303.5,,,519.6,,,1038.9,,,1542.7,,
51.5,,,95.5,,,199.7,,,306.1,,,521.4,,,1043,,,1547.1,,
52.6,,,95.2,,,199.3,,,300.9,,,528.2,,,,,,1541.8,,
51.3,,,95.6,,,200.6,,,301.8,,,524.3,,,,,,1546.7,,
55,,,96.3,,,203.3,,,303.6,,,518.6,,,,,,1542.6,,
55,,,96.6,,,197.6,,,304.5,,,517.8,,,,,,1540.6,,
49.3,,,92.3,,,200.8,,,302.2,,,512.1,,,,,,1541.3,,
49.1,,,96.5,,,200.4,,,299.9,,,514.3,,,,,,1546.2,,
55.2,,,96,,,202.1,,,302.9,,,516.4,,,,,,1541.9,,
50.3,,,95.2,,,201.7,,,302.1,,,520.5,,,,,,1547.1,,
49.7,,,93.9,,,197,,,304.3,,,522.8,,,,,,1553.5,,
51.7,,,95.1,,,202.5,,,299.6,,,517.3,,,,,,1544.5,,
54.4,,,94,,,203.2,,,303.9,,,528.2,,,,,,1544.3,,
54.5,,,97.7,,,201.8,,,300.7,,,524.2,,,,,,1537.3,,
50.2,,,95.3,,,201.5,,,300.7,,,512.1,,,,,,1544.8,,
49.5,,,91.2,,,200.5,,,302.3,,,558.8,,,,,,1546,,
50.5,,,95.1,,,200.8,,,305.5,,,516.9,,,,,,1547.4,,
50,,,95,,,204.2,,,300.1,,,511.7,,,,,,1540,,
47.9,,,95.7,,,200.9,,,298.9,,,512.9,,,,,,1545.6,,
50.7,,,97.5,,,202.3,,,301.3,,,509,,,,,,1543,,
53.4,,,95.7,,,203.6,,,300.7,,,528.8,,,,,,1539.2,,
52.2,,,95.1,,,200.3,,,304.7,,,515.8,,,,,,1541.6,,
49.3,,,96.5,,,200.4,,,304.7,,,510.6,,,,,,1543.9,,
55.9,,,95,,,203.5,,,302.5,,,517.1,,,,,,1541.1,,
50.5,,,94.7,,,202.3,,,300.4,,,514.6,,,,,,1533.3,,
51.4,,,96.5,,,198,,,302.1,,,514.6,,,,,,1542.8,,
52.7,,,95.5,,,202.2,,,306.8,,,518,,,,,,1542.6,,
53.6,,,95,,,202.4,,,304.5,,,582.7,,,,,,1541.7,,
55.1,,,101.7,,,203.1,,,303.2,,,511,,,,,,1537.6,,
52,,,96,,,203.8,,,305.2,,,510.2,,,,,,1539.7,,
49.4,,,98.6,,,201.3,,,304.3,,,515.3,,,,,,1542.6,,
51.4,,,93.1,,,198.7,,,305.7,,,519.6,,,,,,1538.8,,
50.3,,,96.1,,,200.9,,,305.3,,,516.9,,,,,,1534.1,,
52.1,,,92.9,,,202.8,,,300.4,,,520.9,,,,,,1541.6,,
51.2,,,95.8,,,201.4,,,301.4,,,577,,,,,,1540.9,,
47.1,,,94.1,,,203.3,,,302.6,,,506.6,,,,,,1543.5,,
47.3,,,94.4,,,203.7,,,305.5,,,517.3,,,,,,1540.8,,
47.5,,,96,,,202,,,304.6,,,510.4,,,,,,1543.5,,
49.5,,,92.6,,,199.6,,,304.7,,,510.5,,,,,,1539.9,,
49.2,,,94,,,202.5,,,305.1,,,519.1,,,,,,1539.8,,
43.7,,,91.1,,,202.2,,,304,,,511.6,,,,,,1542.3,,
56.8,,,95.2,,,197.4,,,304.9,,,514,,,,,,1537.5,,
51.4,,,94.5,,,199.6,,,301.5,,,516.2,,,,,,1548.3,,
50.1,,,94.7,,,205.3,,,302.3,,,576.1,,,,,,1539.8,,
49.2,,,99.5,,,202.2,,,300.8,,,516.4,,,,,,1546.3,,
49.2,,,97.9,,,202,,,306,,,511.3,,,,,,1545.4,,
55.8,,,94.5,,,197.5,,,301.2,,,514.3,,,,,,1541.5,,
51.8,,,95.8,,,201.8,,,300.6,,,519.9,,,,,,1537.1,,
47.7,,,97.5,,,201.5,,,299.2,,,516.3,,,,,,1539.7,,
50.3,,,95.1,,,202.5,,,302,,,514.3,,,,,,1545.6,,
49.1,,,97.5,,,202.8,,,303.1,,,522.3,,,,,,1546,,
48.6,,,94.7,,,201.9,,,303.8,,,516.5,,,,,,1543,,
57.1,,,93.4,,,199.8,,,300.2,,,509.4,,,,,,1537.9,,
50,,,95.1,,,202.9,,,302.9,,,516.3,,,,,,1541.7,,
50.4,,,96.4,,,201.5,,,302.8,,,579.9,,,,,,1544.4,,
53.1,,,92.5,,,201.3,,,299.4,,,517.6,,,,,,1544.9,,
56.4,,,93.5,,,201.2,,,299.3,,,520.4,,,,,,1544.5,,
53.9,,,87.3,,,199.5,,,302.2,,,523.1,,,,,,1537.1,,
54.2,,,97.2,,,197.3,,,308.4,,,522,,,,,,1538.8,,
56.2,,,93.9,,,202.6,,,304.2,,,515.1,,,,,,1550.2,,
56.7,,,95.7,,,200.5,,,301.7,,,513.6,,,,,,1547,,
55.3,,,95.5,,,200.9,,,308.2,,,529,,,,,,1545.6,,
50.9,,,98.6,,,202.7,,,302.5,,,514.5,,,,,,1545.1,,
52.4,,,96.2,,,204.9,,,306.1,,,517.3,,,,,,1539.6,,
52,,,96.1,,,202.4,,,300.3,,,519.8,,,,,,1541.9,,
50.2,,,93.5,,,203,,,303,,,515.4,,,,,,1540.7,,
54.3,,,99.5,,,202.9,,,302,,,516.5,,,,,,1540.7,,
54.3,,,97.5,,,201.1,,,303.4,,,519.9,,,,,,1533.8,,
50,,,99.8,,,199.8,,,305.8,,,523.9,,,,,,1540,,
48,,,100.4,,,199.1,,,298.7,,,514.2,,,,,,1551.5,,
55.8,,,100.1,,,199.1,,,304.4,,,516.3,,,,,,1543.9,,
51.5,,,99.4,,,201.6,,,301.2,,,512.1,,,,,,1546.3,,
45.9,,,99,,,200.4,,,301.4,,,520.4,,,,,,1543.9,,
54,,,96.4,,,204.6,,,302.4,,,521.5,,,,,,1546.7,,
43.4,,,100.6,,,201.4,,,301.3,,,521.8,,,,,,1538.5,,
52.1,,,106.3,,,201,,,301.9,,,522.4,,,,,,1542.4,,
54.2,,,99.1,,,202.5,,,305.2,,,515.5,,,,,,1542,,
53.1,,,88.7,,,197.8,,,303.9,,,521.2,,,,,,1536.9,,
50.7,,,88.1,,,199.4,,,300.3,,,523.9,,,,,,1540.7,,
53,,,93.4,,,198.4,,,303,,,522.5,,,,,,1541.3,,
50,,,93.6,,,200.3,,,304.6,,,521.8,,,,,,1537.3,,
52.2,,,96.1,,,200.3,,,303.2,,,517.3,,,,,,1539.3,,
55,,,96.9,,,204.5,,,305.6,,,531,,,,,,1538.9,,
51.9,,,100.5,,,200.3,,,301.1,,,515.9,,,,,,1547,,
51.3,,,97.4,,,201.9,,,305.7,,,524.4,,,,,,1536.3,,
53.4,,,101.2,,,199.6,,,302.7,,,518.2,,,,,,1536.4,,
55.1,,,96.2,,,200.8,,,301.7,,,516.7,,,,,,1536.2,,
51.6,,,95.6,,,205.7,,,299.9,,,517.4,,,,,,1536.3,,
44.5,,,93.4,,,202.5,,,301.9,,,516.4,,,,,,1538.1,,
53.9,,,92,,,198.7,,,302.1,,,514,,,,,,1550.1,,
50.1,,,91.6,,,201.7,,,302.8,,,517.1,,,,,,1539.3,,
55.6,,,97.3,,,198.3,,,302.5,,,508.7,,,,,,1544.4,,
52.9,,,99.5,,,196.4,,,306.3,,,522.2,,,,,,1547.6,,
52.6,,,95.6,,,198.4,,,305.8,,,512.6,,,,,,1548.3,,
48.7,,,91.1,,,199.4,,,304.5,,,510.8,,,,,,1548.1,,
51.2,,,91.9,,,198.3,,,302.6,,,509.5,,,,,,1540.7,,
55.3,,,93.3,,,197.4,,,301.3,,,516.5,,,,,,1540.5,,
50.3,,,95.6,,,191.3,,,301.1,,,519.7,,,,,,1536.2,,
50.3,,,106.8,,,200.1,,,301.1,,,514.4,,,,,,1545.5,,
54.7,,,107.1,,,195.2,,,302.9,,,508.3,,,,,,1534.4,,
51.3,,,102.4,,,197.8,,,305.6,,,542.3,,,,,,1548.4,,
52.4,,,100.4,,,197.2,,,302.8,,,511.4,,,,,,1542,,
54.4,,,98.2,,,199,,,300.3,,,511.5,,,,,,1547.2,,
53.1,,,89.6,,,201.2,,,300,,,516,,,,,,1542.9,,
53,,,93.4,,,200.8,,,301.5,,,522.1,,,,,,1546.2,,
50.6,,,93.3,,,203.1,,,300.7,,,517.6,,,,,,1538.7,,
53.1,,,93.8,,,202.3,,,301.2,,,537.8,,,,,,1537.8,,
49.6,,,93.5,,,203.1,,,304.2,,,515.6,,,,,,1544.3,,
51.7,,,93.1,,,203.2,,,307.1,,,510.8,,,,,,1537.5,,
51.3,,,92.3,,,202,,,301,,,512.9,,,,,,1532.1,,
53.8,,,95.7,,,201.8,,,303.4,,,519.9,,,,,,1545.2,,
52.6,,,94.6,,,202.3,,,298.8,,,519.5,,,,,,1541.2,,
50.4,,,95,,,199.3,,,298.7,,,513.9,,,,,,1546.8,,
51.4,,,92.4,,,205.4,,,301.6,,,512,,,,,,1546.2,,
50.9,,,95.3,,,198.2,,,305.4,,,520.9,,,,,,1538.1,,
52.4,,,92,,,200.3,,,299.1,,,513.3,,,,,,1546.9,,
55.7,,,92.4,,,203.1,,,299.8,,,516.5,,,,,,1546.3,,
53.3,,,92.8,,,203.3,,,300.9,,,506.7,,,,,,1541,,
51,,,96,,,203.3,,,301.3,,,511.7,,,,,,1542.8,,
52,,,94.5,,,201.6,,,305.9,,,509.3,,,,,,1541.8,,
50.3,,,93.7,,,201.7,,,301.4,,,512.5,,,,,,1544.9,,
49.6,,,97.5,,,204.1,,,298.1,,,517.2,,,,,,1540.5,,
53.3,,,96.5,,,203.3,,,302.2,,,508.8,,,,,,1545,,
53.2,,,97.7,,,207.5,,,300.8,,,516.6,,,,,,1543.1,,
56.7,,,99.8,,,204.6,,,307.8,,,528.2,,,,,,1549.1,,
51.5,,,99.1,,,203.8,,,302.5,,,518.3,,,,,,1539.9,,
53.1,,,97.2,,,201.8,,,307.7,,,503.9,,,,,,1546,,
50.6,,,93.3,,,206,,,303.8,,,517.9,,,,,,1539.6,,
50.7,,,97.4,,,201.7,,,302.6,,,518.2,,,,,,1549.3,,
49.3,,,96.7,,,206.1,,,303,,,534.7,,,,,,1540,,
52.8,,,98.8,,,201.6,,,302.5,,,507.8,,,,,,1537.5,,
49,,,94.2,,,204.8,,,303.2,,,511.6,,,,,,1549.5,,
49.6,,,98.2,,,202.2,,,300,,,515.1,,,,,,1546.5,,
54,,,94.9,,,202.6,,,304.4,,,515.1,,,,,,1542.8,,
50.4,,,95.6,,,201.6,,,305.2,,,506.6,,,,,,1546.9,,
49.8,,,96.6,,,197.9,,,299.5,,,510.9,,,,,,1537.1,,
51.2,,,94.3,,,205,,,303.8,,,518,,,,,,1544.7,,
52.5,,,97,,,203.3,,,303.7,,,511.1,,,,,,1547.1,,
48.8,,,93.7,,,198.9,,,307.7,,,517,,,,,,1543.1,,
51.4,,,96.8,,,197.9,,,304.5,,,511.5,,,,,,1543.8,,
51.9,,,94.7,,,196.3,,,302.9,,,516.4,,,,,,1550.5,,
52.5,,,94.1,,,200.4,,,302.4,,,517.7,,,,,,1541.6,,
54.5,,,92.4,,,197.1,,,301.8,,,516.4,,,,,,1542.5,,
49.6,,,92.8,,,198.1,,,302.1,,,522.2,,,,,,1542,,
53.3,,,94.2,,,200,,,305.6,,,518.5,,,,,,1548.2,,
50.1,,,94.9,,,199.3,,,298.8,,,516.9,,,,,,1543.2,,
50.4,,,93.6,,,199,,,304.1,,,513.3,,,,,,1539.9,,
52.3,,,93.8,,,201,,,302.6,,,512.1,,,,,,1540.7,,
52.8,,,96.8,,,196.1,,,301.1,,,509,,,,,,1543.2,,
53.8,,,97.8,,,197.8,,,306,,,519,,,,,,1541.6,,
51.7,,,94.8,,,201,,,303.1,,,515.6,,,,,,1545.5,,
,,,95.1,,,197.9,,,300.5,,,511.5,,,,,,1547.3,,
,,,96.6,,,197.3,,,302.8,,,511.7,,,,,,1544.5,,
,,,94.4,,,197.4,,,300.9,,,512.9,,,,,,1548.2,,
,,,96.6,,,199.3,,,303,,,515.5,,,,,,1550.1,,
,,,95.4,,,198.7,,,303.5,,,514.3,,,,,,1546.8,,
,,,93.6,,,200.7,,,302.6,,,516.4,,,,,,1543.6,,
,,,96.3,,,195.5,,,301.7,,,512.3,,,,,,1544.7,,
,,,94.6,,,200.7,,,305.7,,,512.6,,,,,,1549.1,,
,,,96.9,,,199.2,,,301.2,,,512.7,,,,,,1547.1,,
,,,96.9,,,194.1,,,301.3,,,515.1,,,,,,1537.5,,
,,,94.9,,,199.7,,,305,,,517.1,,,,,,1540.9,,
,,,96.5,,,203.7,,,305.4,,,511.6,,,,,,1546.1,,
,,,97.3,,,197.7,,,305,,,514.4,,,,,,1538,,
,,,92.9,,,197.8,,,304.1,,,519.9,,,,,,1548.8,,
,,,93.8,,,196.7,,,302.8,,,508.3,,,,,,1536.7,,
,,,92.3,,,201.6,,,301,,,515.8,,,,,,1546.7,,
,,,97,,,198.1,,,299,,,511.1,,,,,,1542.3,,
,,,94.3,,,196.8,,,300.6,,,522.9,,,,,,1543,,
,,,93.1,,,203.1,,,301.7,,,509.6,,,,,,1538.5,,
,,,95.9,,,200.6,,,300.9,,,510.5,,,,,,1536.7,,
,,,94.8,,,196.3,,,302.8,,,521.3,,,,,,1545.5,,
,,,98.2,,,199.4,,,301,,,511.1,,,,,,1539.2,,
,,,97.3,,,194.5,,,305,,,513.6,,,,,,1574,,
,,,98.9,,,198.3,,,302.3,,,517.9,,,,,,1537.9,,
,,,95.2,,,203.1,,,305.4,,,514.6,,,,,,1539.5,,
,,,96.6,,,202,,,305.2,,,510,,,,,,1540.3,,
,,,97.7,,,196.2,,,299.6,,,509.9,,,,,,1536.5,,
,,,97,,,198.6,,,295.4,,,505.7,,,,,,1540.3,,
,,,99.5,,,196.6,,,301.9,,,509.8,,,,,,1540.3,,
,,,97.1,,,195.7,,,303.8,,,507.2,,,,,,1540.1,,
,,,93.6,,,196.5,,,300.9,,,511.1,,,,,,1538,,
,,,95.6,,,201,,,303.4,,,510.8,,,,,,1534.5,,
,,,100.6,,,200.6,,,301.4,,,516.1,,,,,,1543.2,,
,,,94,,,201.6,,,301,,,505.2,,,,,,1540.9,,
,,,98,,,202.2,,,308,,,510.3,,,,,,1538.9,,
,,,94.8,,,203,,,303.8,,,509.1,,,,,,1549,,
,,,98.5,,,199,,,302.4,,,511.3,,,,,,1547.6,,
,,,95.9,,,204.2,,,300.5,,,517,,,,,,1536.9,,
,,,,,,198.1,,,300.6,,,516.6,,,,,,1535.9,,
,,,,,,196.2,,,302.6,,,513.9,,,,,,1537.6,,
,,,,,,197.4,,,305.1,,,513.6,,,,,,1534.7,,
,,,,,,197,,,299.3,,,514.5,,,,,,1535.3,,
,,,,,,199.9,,,299.6,,,518,,,,,,1541.6,,
,,,,,,203.3,,,302.1,,,509.4,,,,,,1535.6,,
,,,,,,203.4,,,301.9,,,505.1,,,,,,1546.3,,
,,,,,,199.4,,,301,,,505.5,,,,,,1535.4,,
,,,,,,198.6,,,302.2,,,511.6,,,,,,1536.1,,
,,,,,,197.6,,,300.7,,,513.1,,,,,,1539.1,,
,,,,,,196.5,,,303.5,,,513.7,,,,,,1533.7,,
,,,,,,199.4,,,302.8,,,517.8,,,,,,1529,,
,,,,,,195.2,,,300.7,,,505.9,,,,,,1535.8,,
,,,,,,196.1,,,304.6,,,510.9,,,,,,1540.8,,
,,,,,,201.2,,,304.2,,,515.9,,,,,,1535.7,,
,,,,,,196.5,,,301.9,,,512.8,,,,,,1540.4,,
,,,,,,196.9,,,303.8,,,517.6,,,,,,1533.4,,
,,,,,,201.6,,,305.4,,,512.4,,,,,,1536.4,,
,,,,,,197.8,,,304.4,,,513.4,,,,,,1541.4,,
,,,,,,196,,,303.7,,,515.9,,,,,,1537.2,,
,,,,,,199.6,,,302.2,,,513,,,,,,1537.8,,
,,,,,,198.6,,,299.6,,,511.9,,,,,,1542.4,,
,,,,,,199.4,,,302.2,,,515.2,,,,,,1535.6,,
,,,,,,199.1,,,307.5,,,507.6,,,,,,1539.2,,
,,,,,,199.3,,,301.6,,,515.6,,,,,,1532.6,,
,,,,,,,,,305.6,,,511.3,,,,,,1542.3,,
,,,,,,,,,306.6,,,513.1,,,,,,1538.2,,
,,,,,,,,,303.9,,,510.6,,,,,,1533.3,,
,,,,,,,,,305.9,,,513.7,,,,,,1538.2,,
,,,,,,,,,306.4,,,515.7,,,,,,1532.4,,
,,,,,,,,,308.9,,,513,,,,,,1534.8,,
,,,,,,,,,303.9,,,517.4,,,,,,1533.6,,
,,,,,,,,,304.5,,,520,,,,,,1536.8,,
,,,,,,,,,304.8,,,512.7,,,,,,1540.4,,
,,,,,,,,,302.9,,,516.7,,,,,,1535.7,,
,,,,,,,,,301.9,,,511.3,,,,,,1529.7,,
,,,,,,,,,304.5,,,513.3,,,,,,1535.1,,
,,,,,,,,,300.5,,,523.6,,,,,,1542.4,,
,,,,,,,,,303.9,,,516.7,,,,,,1543.3,,
,,,,,,,,,300.3,,,525.4,,,,,,1540.4,,
,,,,,,,,,304.3,,,519.6,,,,,,1536.8,,
,,,,,,,,,304.8,,,513.5,,,,,,1539.7,,
,,,,,,,,,306.2,,,516.3,,,,,,1544.5,,
,,,,,,,,,306.8,,,515.1,,,,,,1538.4,,
,,,,,,,,,304.9,,,513.1,,,,,,1533.5,,
,,,,,,,,,306.2,,,514.5,,,,,,1538.4,,
,,,,,,,,,301.7,,,518.3,,,,,,1534.3,,
,,,,,,,,,303.1,,,520.7,,,,,,1538.3,,
,,,,,,,,,301.7,,,508.6,,,,,,1537.8,,
,,,,,,,,,303.2,,,517.9,,,,,,1532.4,,
,,,,,,,,,301.1,,,512.6,,,,,,1539.9,,
,,,,,,,,,302.4,,,514.4,,,,,,1540.5,,
,,,,,,,,,298.8,,,515.5,,,,,,1531,,
,,,,,,,,,303.8,,,512.9,,,,,,1533.4,,
,,,,,,,,,303.3,,,517.6,,,,,,1536.7,,
,,,,,,,,,304.3,,,513.7,,,,,,1535.4,,
,,,,,,,,,304.2,,,581.6,,,,,,1537.2,,
,,,,,,,,,306,,,512.4,,,,,,1536,,
,,,,,,,,,300,,,512.5,,,,,,1531.5,,
,,,,,,,,,300.9,,,517.1,,,,,,1538.1,,
,,,,,,,,,298.6,,,514.5,,,,,,1534,,
,,,,,,,,,301.5,,,511.7,,,,,,1532.1,,
,,,,,,,,,302.5,,,516.5,,,,,,1538.6,,
,,,,,,,,,304.2,,,515.4,,,,,,1535,,
,,,,,,,,,300.6,,,514.3,,,,,,1539.8,,
,,,,,,,,,305.4,,,512.7,,,,,,1546.9,,
,,,,,,,,,300.6,,,510.5,,,,,,1540,,
,,,,,,,,,301.7,,,508.7,,,,,,1532,,
,,,,,,,,,302.3,,,507.6,,,,,,1530.3,,
,,,,,,,,,304.8,,,514.1,,,,,,1538,,
,,,,,,,,,304.2,,,510.7,,,,,,1534.6,,
,,,,,,,,,300.1,,,513.3,,,,,,1536.6,,
,,,,,,,,,298.9,,,512.1,,,,,,1533.8,,
,,,,,,,,,299.6,,,511.2,,,,,,1532.8,,
,,,,,,,,,306.2,,,572.3,,,,,,1538.7,,
,,,,,,,,,302.8,,,519.3,,,,,,1538.4,,
,,,,,,,,,302.5,,,515.5,,,,,,1541.7,,
,,,,,,,,,305,,,517,,,,,,1541,,
,,,,,,,,,303.6,,,512.9,,,,,,1536.8,,
,,,,,,,,,302.1,,,519.1,,,,,,1537.7,,
,,,,,,,,,303.7,,,509.9,,,,,,1543.5,,
,,,,,,,,,303.2,,,511,,,,,,1542,,
,,,,,,,,,304.2,,,514.4,,,,,,1536.1,,
,,,,,,,,,303.9,,,511.7,,,,,,1542.1,,
,,,,,,,,,303.1,,,516,,,,,,1536.8,,
,,,,,,,,,304.3,,,519.8,,,,,,1534.7,,
,,,,,,,,,303.9,,,521.8,,,,,,1534.6,,
,,,,,,,,,306.2,,,517.1,,,,,,1544.1,,
,,,,,,,,,302.3,,,516.6,,,,,,1544.3,,
,,,,,,,,,305.4,,,515.6,,,,,,1539.6,,
,,,,,,,,,302.3,,,512.2,,,,,,1542.2,,
,,,,,,,,,301.8,,,516.5,,,,,,1531.9,,
,,,,,,,,,306.9,,,513.3,,,,,,1536.5,,
,,,,,,,,,307.7,,,511.1,,,,,,1537.8,,
,,,,,,,,,303.1,,,516.5,,,,,,1539.3,,
,,,,,,,,,300.1,,,517.2,,,,,,1536,,
,,,,,,,,,304.8,,,513,,,,,,1538.6,,
,,,,,,,,,301.5,,,517.5,,,,,,1543.2,,
,,,,,,,,,303.9,,,513.2,,,,,,1536.3,,
,,,,,,,,,303.2,,,512.9,,,,,,1534.3,,
,,,,,,,,,305,,,516,,,,,,1550.3,,
,,,,,,,,,306.2,,,515,,,,,,1534.6,,
,,,,,,,,,302.3,,,517.7,,,,,,1536.3,,
,,,,,,,,,302.3,,,507.6,,,,,,1543.8,,
,,,,,,,,,302.4,,,519.2,,,,,,1544.9,,
,,,,,,,,,303.5,,,515.5,,,,,,1542.4,,
,,,,,,,,,303.1,,,508.9,,,,,,1537.4,,
,,,,,,,,,300.2,,,517.1,,,,,,1532.7,,
,,,,,,,,,305.6,,,511.9,,,,,,1538,,
,,,,,,,,,305,,,520.9,,,,,,1536,,
,,,,,,,,,303.7,,,510.5,,,,,,1536.3,,
,,,,,,,,,304,,,516.7,,,,,,1534.9,,
,,,,,,,,,302,,,509.5,,,,,,1535.6,,
,,,,,,,,,302.6,,,519.2,,,,,,1544,,
,,,,,,,,,303.5,,,519.5,,,,,,1542.8,,
,,,,,,,,,304.2,,,522.7,,,,,,1538.4,,
,,,,,,,,,300.3,,,514.4,,,,,,1539.1,,
,,,,,,,,,305.8,,,527,,,,,,1539.8,,
,,,,,,,,,302.8,,,516.2,,,,,,1533,,
,,,,,,,,,305.4,,,512.1,,,,,,1534.8,,
,,,,,,,,,302,,,564.6,,,,,,1539.9,,
,,,,,,,,,303.4,,,514.5,,,,,,1533.8,,
,,,,,,,,,300.7,,,515.1,,,,,,1539.8,,
,,,,,,,,,304,,,509,,,,,,1537.7,,
,,,,,,,,,301.3,,,516.1,,,,,,1535.8,,
,,,,,,,,,301.1,,,517.4,,,,,,1537.9,,
,,,,,,,,,305.4,,,499.6,,,,,,1539.2,,
,,,,,,,,,303.8,,,512.7,,,,,,1536.2,,
,,,,,,,,,304.7,,,513.1,,,,,,1537.9,,
,,,,,,,,,303.3,,,517.6,,,,,,1536.6,,
,,,,,,,,,307.6,,,521.5,,,,,,1534.3,,
,,,,,,,,,304,,,564.9,,,,,,1539.4,,
,,,,,,,,,305.6,,,510.1,,,,,,1533,,
,,,,,,,,,307,,,512.4,,,,,,1537.7,,
,,,,,,,,,302.8,,,505.1,,,,,,1536.3,,
,,,,,,,,,307.1,,,515.8,,,,,,1536.2,,
,,,,,,,,,308.7,,,573.3,,,,,,1540.5,,
,,,,,,,,,304.6,,,515.9,,,,,,1547,,
,,,,,,,,,306.8,,,512.3,,,,,,1541.7,,
,,,,,,,,,303.6,,,544.3,,,,,,1535.3,,
,,,,,,,,,302.4,,,515.7,,,,,,1536.5,,
,,,,,,,,,305,,,514.7,,,,,,1536.7,,
,,,,,,,,,300.3,,,518.2,,,,,,1542.1,,
,,,,,,,,,300.3,,,513.9,,,,,,1538.3,,
,,,,,,,,,303,,,517.3,,,,,,1542.3,,
,,,,,,,,,305.7,,,514.2,,,,,,1542.5,,
,,,,,,,,,304.6,,,516.6,,,,,,1542.1,,
,,,,,,,,,303.4,,,514,,,,,,1540.1,,
,,,,,,,,,304.2,,,521,,,,,,1541.8,,
,,,,,,,,,306.1,,,515.1,,,,,,1532.6,,
,,,,,,,,,302.4,,,566.1,,,,,,1535.7,,
,,,,,,,,,305.1,,,517.4,,,,,,1536.4,,
,,,,,,,,,305.9,,,510.3,,,,,,1540.3,,
,,,,,,,,,302.1,,,506.5,,,,,,1541.9,,
,,,,,,,,,300,,,513.1,,,,,,1533.9,,
,,,,,,,,,303.7,,,568,,,,,,1539.8,,
,,,,,,,,,305.1,,,512,,,,,,1545.4,,
,,,,,,,,,301.3,,,510.8,,,,,,1537.9,,
,,,,,,,,,304.9,,,508.6,,,,,,1535.2,,
,,,,,,,,,303.1,,,588,,,,,,1539,,
,,,,,,,,,305.5,,,512.1,,,,,,1529.8,,
,,,,,,,,,304.4,,,510.9,,,,,,1537.8,,
,,,,,,,,,294.8,,,514.7,,,,,,1541.4,,
,,,,,,,,,305.2,,,517.9,,,,,,1528.9,,
,,,,,,,,,301.3,,,525.4,,,,,,1544.2,,
,,,,,,,,,302.2,,,509.8,,,,,,1533.3,,
,,,,,,,,,301.4,,,523.4,,,,,,1534.3,,
,,,,,,,,,301,,,515.4,,,,,,1530.4,,
,,,,,,,,,302.8,,,578.2,,,,,,1533.2,,
,,,,,,,,,300.6,,,511.8,,,,,,1538.5,,
,,,,,,,,,300.5,,,518.8,,,,,,1537.9,,
,,,,,,,,,304.1,,,512.4,,,,,,1539.2,,
,,,,,,,,,296.8,,,534.3,,,,,,1533.9,,
,,,,,,,,,301.5,,,516.4,,,,,,1539.2,,
,,,,,,,,,305,,,509.4,,,,,,1538.1,,
,,,,,,,,,303.5,,,513.7,,,,,,1539.9,,
,,,,,,,,,300.3,,,512,,,,,,1538.2,,
,,,,,,,,,303.8,,,517.3,,,,,,1533.9,,
,,,,,,,,,299.7,,,520.4,,,,,,1538.9,,
,,,,,,,,,299.1,,,563.2,,,,,,1534.5,,
,,,,,,,,,300.4,,,518.4,,,,,,1542.4,,
,,,,,,,,,302.8,,,511.4,,,,,,1547.4,,
,,,,,,,,,302.5,,,509.6,,,,,,1540.1,,
,,,,,,,,,303.3,,,515,,,,,,1539.9,,
,,,,,,,,,304.2,,,518.3,,,,,,1531.6,,
,,,,,,,,,301.1,,,515.6,,,,,,1535.2,,
,,,,,,,,,301,,,516.8,,,,,,1542.6,,
,,,,,,,,,302.3,,,518,,,,,,1545.3,,
,,,,,,,,,303.9,,,518,,,,,,1545,,
,,,,,,,,,304.2,,,512.3,,,,,,1535.5,,
,,,,,,,,,305.8,,,510,,,,,,1536.4,,
,,,,,,,,,300.4,,,518.2,,,,,,1542.5,,
,,,,,,,,,301.9,,,541.7,,,,,,1535.3,,
,,,,,,,,,303.1,,,519.9,,,,,,1542.5,,
,,,,,,,,,303.1,,,513.9,,,,,,1536.1,,
,,,,,,,,,304.2,,,519.7,,,,,,1540.1,,
,,,,,,,,,301.2,,,516.9,,,,,,1535.9,,
,,,,,,,,,302.7,,,523.8,,,,,,1539.3,,
,,,,,,,,,302.2,,,513.8,,,,,,1544.6,,
,,,,,,,,,304.3,,,509.5,,,,,,1538.7,,
,,,,,,,,,303.3,,,516.1,,,,,,1538.5,,
,,,,,,,,,300.5,,,519.3,,,,,,1538,,
,,,,,,,,,301.1,,,512.7,,,,,,1535,,
,,,,,,,,,299.4,,,512.9,,,,,,1529.5,,
,,,,,,,,,299.1,,,513.6,,,,,,1535.9,,
,,,,,,,,,306.2,,,506.9,,,,,,1549.4,,
,,,,,,,,,301.6,,,513.6,,,,,,1538.6,,
,,,,,,,,,303.3,,,510.4,,,,,,1539.9,,
,,,,,,,,,300.9,,,515.8,,,,,,1535.1,,
,,,,,,,,,303.6,,,519.5,,,,,,1542.2,,
,,,,,,,,,301.3,,,508.6,,,,,,1533,,
,,,,,,,,,303.4,,,517.5,,,,,,1532.1,,
,,,,,,,,,305.3,,,518,,,,,,1537.7,,
,,,,,,,,,298.9,,,523,,,,,,1536,,
,,,,,,,,,301.9,,,518,,,,,,1539.1,,
,,,,,,,,,306.4,,,518.5,,,,,,1529.8,,
,,,,,,,,,302.8,,,512.9,,,,,,1530.3,,
,,,,,,,,,300.5,,,518.9,,,,,,1539.6,,
,,,,,,,,,301.3,,,516,,,,,,1543.5,,
,,,,,,,,,301.9,,,512.6,,,,,,1538.6,,
,,,,,,,,,303.3,,,521.4,,,,,,1536,,
,,,,,,,,,301.3,,,512.8,,,,,,1531.5,,
,,,,,,,,,303.3,,,508.3,,,,,,1542.3,,
,,,,,,,,,303.9,,,513.2,,,,,,1550,,
,,,,,,,,,303.7,,,515.4,,,,,,1538.4,,
,,,,,,,,,299.8,,,519.1,,,,,,1538.2,,
,,,,,,,,,303.3,,,513.5,,,,,,1534.5,,
,,,,,,,,,299.5,,,519.1,,,,,,1544.7,,
,,,,,,,,,305.1,,,576.3,,,,,,1533.5,,
,,,,,,,,,303,,,511.9,,,,,,1542.1,,
,,,,,,,,,304.1,,,508.7,,,,,,1542.2,,
,,,,,,,,,304.3,,,518.2,,,,,,1534.3,,
,,,,,,,,,302.7,,,512.5,,,,,,1537.2,,
,,,,,,,,,306.5,,,512.1,,,,,,1536.7,,
,,,,,,,,,300.2,,,521.5,,,,,,1537,,
,,,,,,,,,303.8,,,519.7,,,,,,1551.9,,
,,,,,,,,,303.5,,,510.4,,,,,,1540,,
,,,,,,,,,304.6,,,515,,,,,,1534.8,,
,,,,,,,,,301.4,,,512.6,,,,,,1543.5,,
,,,,,,,,,,,,511.1,,,,,,,,
,,,,,,,,,,,,511.7,,,,,,,,
,,,,,,,,,,,,516.9,,,,,,,,
,,,,,,,,,,,,524.9,,,,,,,,
,,,,,,,,,,,,510.2,,,,,,,,
,,,,,,,,,,,,516.1,,,,,,,,
,,,,,,,,,,,,568.3,,,,,,,,
,,,,,,,,,,,,511.7,,,,,,,,
,,,,,,,,,,,,514.9,,,,,,,,
,,,,,,,,,,,,515.9,,,,,,,,
,,,,,,,,,,,,516.2,,,,,,,,
,,,,,,,,,,,,520.9,,,,,,,,
,,,,,,,,,,,,583.1,,,,,,,,
,,,,,,,,,,,,519.1,,,,,,,,
,,,,,,,,,,,,522.2,,,,,,,,
,,,,,,,,,,,,509.1,,,,,,,,
,,,,,,,,,,,,520.4,,,,,,,,
,,,,,,,,,,,,515.4,,,,,,,,
,,,,,,,,,,,,523.2,,,,,,,,
,,,,,,,,,,,,516.3,,,,,,,,
,,,,,,,,,,,,508.1,,,,,,,,
,,,,,,,,,,,,512.8,,,,,,,,
,,,,,,,,,,,,518,,,,,,,,
,,,,,,,,,,,,519.7,,,,,,,,
,,,,,,,,,,,,519.6,,,,,,,,
,,,,,,,,,,,,519.9,,,,,,,,
,,,,,,,,,,,,519.4,,,,,,,,
,,,,,,,,,,,,514.3,,,,,,,,
,,,,,,,,,,,,508.2,,,,,,,,
,,,,,,,,,,,,513.8,,,,,,,,
,,,,,,,,,,,,516.4,,,,,,,,
,,,,,,,,,,,,520.3,,,,,,,,
,,,,,,,,,,,,510.8,,,,,,,,
,,,,,,,,,,,,514.7,,,,,,,,
,,,,,,,,,,,,565.8,,,,,,,,
,,,,,,,,,,,,509.8,,,,,,,,
,,,,,,,,,,,,505.4,,,,,,,,
,,,,,,,,,,,,506.9,,,,,,,,
,,,,,,,,,,,,514.4,,,,,,,,
